"id","cohort","phase2","sex","yearinschool","nach_iap","ffail","wofo_w","wofo_m","wofo_wm","wofo_wmtot","socdes","tpfs_aut","tpfs_hub","pni_cse","pni_exp","pni_ssse","pni_hds","pni_grnf","pni_dev","pni_enrg","pni_total","agg_hos","agg_ang","erq_reap","erq_supp","ecr_avo","ecr_anx","bfi_e","bfi_a","bfi_c","bfi_n","bfi_o","iipsc_pa","iipsc_bc","iipsc_de","iipsc_fg","iipsc_hi","iipsc_jk","iipsc_lm","iipsc_no","stif_fix","stif_inc","stif_diff","vdi_exp","vdi_sub","vdi_lov","tsca_shame","tsca_guilt","csiv_pa","csiv_bc","csiv_de","csiv_fg","csiv_hi","csiv_jk","csiv_lm","csiv_no","csiv_mean","pni_grandi","pni_vulner"
101,1,0,2,1,2,2.4,3.66666666666667,3.625,3.64880952380952,3.64285714285714,0.384615384615385,3.42857142857143,2.14285714285714,0.916666666666667,3.8,1.33333333333333,4.57142857142857,1.14285714285714,0.714285714285714,0.875,1.78947368421053,1.625,1.28571428571429,5.5,5.75,4.83333333333333,2.16666666666667,3.5,1.5,4,2,4,1,1,11,1,2,2,4,1,2,5,3,21,20,31,1.75,3.9375,1.125,0,0.75,0.25,0,1.625,1.125,1.375,0.78125,2.09206349206349,1.76934523809524
102,1,0,2,1,5,3.6,4.16666666666667,2.625,3.50595238095238,3.28571428571429,0.461538461538461,4.14285714285714,1,0.75,1.6,3,0.857142857142857,4.85714285714286,0,1.125,1.57894736842105,1.25,1,5,2,1.33333333333333,1.83333333333333,5,4.5,3.5,2,2.5,0,0,0,0,2,1,0,0,1.66666666666667,4.66666666666667,3,30,14,54,1.4375,4,3.125,2.5,1.125,1.5,2.125,3.5,3.75,4,2.703125,3.15238095238095,0.683035714285714
103,1,0,2,3,3.8,2.8,4.33333333333333,3.125,3.81547619047619,3.64285714285714,0.230769230769231,3.42857142857143,1,2.08333333333333,3.2,2.16666666666667,3.28571428571429,2.42857142857143,1.14285714285714,2.5,2.33333333333333,2.625,2,6.33333333333333,1.25,1.33333333333333,2.66666666666667,4,4.5,3.5,2.5,5,5,0,1,3,4,3,1,4,2,5.33333333333333,3.33333333333333,22,17,42,2.125,3.1875,2.375,0.75,0.25,1.125,0.625,0.625,2.25,2.25,1.28125,2.5984126984127,2.25297619047619
104,1,0,2,2,3.6,3.75,5,3.42857142857143,4.3265306122449,4.15384615384615,0.307692307692308,4.14285714285714,1.14285714285714,0.25,0.6,0.5,1.66666666666667,0.714285714285714,0.666666666666667,0.166666666666667,0.653846153846154,1.5,1,3.5,3,1.83333333333333,2.4,3,4.5,4.5,2.5,3,4,1,7,4,6,6,3,,3.33333333333333,3.33333333333333,0,18,,37,3,4.1875,1.5,0.875,1.375,1.5,0.875,1.75,2,2.28571428571429,1.52008928571429,0.604761904761905,0.6875
105,1,0,2,1,4.2,2.8,4.83333333333333,3.375,4.20833333333333,4,0.461538461538461,3.42857142857143,1.14285714285714,3.83333333333333,2.2,3,2.85714285714286,3.57142857142857,2,2.375,2.85964912280702,2.375,1.57142857142857,4.66666666666667,2.25,2.16666666666667,4.16666666666667,3.5,3.5,3,3.5,4.5,2,1,5,5,9,7,6,7,3.33333333333333,3.33333333333333,0,41,25,43,3.25,3.9375,2,1.375,1,2.125,2.625,3,2.875,3,2.25,2.92380952380952,2.76636904761905
106,1,0,2,2,3.8,5,4.33333333333333,3.875,4.13690476190476,4.07142857142857,0.615384615384615,3.83333333333333,1.85714285714286,0.5,1.4,1.5,3.14285714285714,2.42857142857143,0.571428571428571,1.375,1.49122807017544,2.625,1,5,1,1,2.5,3,3.5,5,1.5,3,,3,0,0,2,0,6,6,5.33333333333333,1.33333333333333,-4,35,16,41,3.625,4.0625,2.625,1,0,1.375,1.25,2.25,3.375,3,1.859375,1.77619047619048,1.39732142857143
107,1,0,1,4,5,2.4,4.5,3.25,3.96428571428571,3.78571428571429,0.384615384615385,4.14285714285714,1.28571428571429,1.81818181818182,4.2,2.33333333333333,1.71428571428571,3.57142857142857,1.42857142857143,2.875,2.53571428571429,2.25,3,5.83333333333333,2.25,3.66666666666667,3.8,5,4,5,1.5,4,1,0,1,0,3,4,5,7,3.66666666666667,2.66666666666667,-1,38,16,47,1.9375,3.8125,2.5,1.75,0.625,1.625,2.25,3.25,3.25,3.5,2.34375,3.36825396825397,1.95900974025974
108,1,0,2,1,3.4,3.8,4.33333333333333,3.125,3.81547619047619,3.64285714285714,0.307692307692308,2.85714285714286,2.28571428571429,4.08333333333333,2.8,3.83333333333333,3.28571428571429,4.85714285714286,3.71428571428571,4.5,3.96491228070175,4,3.85714285714286,6,4,3.83333333333333,6.83333333333333,3.5,3,5,4.5,3,9,14,9,9,10,12,11,12,5.33333333333333,2,-3.33333333333333,45,38,36,3.75,3.5625,3.875,3.375,3,2.875,3.25,3.875,4,3.625,3.484375,3.83015873015873,3.89583333333333
109,1,0,1,2,4,4.4,4.33333333333333,2.5,3.54761904761905,3.28571428571429,0,3.28571428571429,1.85714285714286,3,2,3.16666666666667,3.14285714285714,4.57142857142857,3.71428571428571,3.125,3.33333333333333,3.75,3.14285714285714,6,4.5,2.16666666666667,5.16666666666667,3.5,3,3,4,3,8,8,3,7,11,9,8,11,3,5,2,41,40,46,3.625,3.75,2.75,2,1.875,2.25,2.625,3.25,3.14285714285714,2.875,2.59598214285714,3.24603174603175,3.24553571428571
110,1,0,2,1,3.4,2,4.5,3.25,3.96428571428571,3.78571428571429,0.769230769230769,2.57142857142857,1,2.41666666666667,3.2,3.16666666666667,2.28571428571429,4.14285714285714,2.57142857142857,2,2.82456140350877,3.375,2.14285714285714,6.66666666666667,2,3.66666666666667,5.66666666666667,3,3.5,3.5,3.5,5,0,2,4,3,5,5,8,6,3.66666666666667,3.33333333333333,-0.333333333333333,40,31,50,3.1875,4.75,2.5,0.5,0.5,1.25,1.125,3,3.375,3.625,1.984375,3.5031746031746,2.31845238095238
111,1,0,1,2,4,2.4,4.66666666666667,3.25,4.05952380952381,3.85714285714286,0.384615384615385,3.85714285714286,2.14285714285714,1,3.8,1.83333333333333,3.28571428571429,2.42857142857143,2.57142857142857,2.25,2.33333333333333,3.375,2,5.16666666666667,5.5,3.5,2.83333333333333,3,3.5,3,3.5,2,5,5,6,3,2,1,6,9,3.33333333333333,4,0.666666666666667,32,17,40,2.75,3.75,2.125,1.5,1.5,2.375,1.25,1.625,2,2.28571428571429,1.83258928571429,2.68730158730159,2.27678571428571
112,1,0,1,1,4,3.2,4.16666666666667,3.125,3.7202380952381,3.57142857142857,0.692307692307692,3,1,1.5,2,2.83333333333333,1.42857142857143,3.85714285714286,0.428571428571429,2.375,2,1.75,1.42857142857143,5.5,4.25,4.83333333333333,2.5,2.5,3.5,3.5,2,1.5,1,1,,0,5,7,4,1,1,6,5,35,24,43,2,3.625,0.625,0.25,0.571428571428571,1.375,1,1.875,1.875,1.25,1.10267857142857,2.8968253968254,1.43303571428571
113,1,0,1,1,5,3,4.5,3.25,3.96428571428571,3.78571428571429,0.461538461538461,4.28571428571429,1,0.916666666666667,1.6,3.33333333333333,2,3,1.42857142857143,1.125,1.82456140350877,2.125,2.14285714285714,5.16666666666667,3,4,2,4,4,5,2.5,4,5,2,0,1,2,0,6,3,4,3.66666666666667,-0.333333333333333,33,20,44,3.2,3.9375,1.625,0.25,0.25,1.5,1.75,2.75,1.75,1.625,1.4375,2.64444444444444,1.36755952380952
114,1,0,2,1,4.4,3.8,4,3.25,3.67857142857143,3.57142857142857,0.538461538461539,3.57142857142857,1,1.66666666666667,3.2,4.5,3.85714285714286,4.57142857142857,0.714285714285714,1.5,2.70175438596491,1.375,1.28571428571429,5.83333333333333,3.5,4,1.66666666666667,4.5,4.5,3,3,5,2,0,3,0,8,12,15,11,1.33333333333333,4.66666666666667,3.33333333333333,51,28,45,3.375,4.3125,0.75,0,0.625,1.625,2.75,3.625,3.125,3.125,1.953125,4.09047619047619,1.93452380952381
115,1,0,1,4,4.6,3.2,5,4,4.57142857142857,4.42857142857143,0.692307692307692,3.85714285714286,2.16666666666667,2.66666666666667,2.8,4.33333333333333,3.71428571428571,3.85714285714286,2.57142857142857,3.875,3.36842105263158,3.14285714285714,3.71428571428571,6.4,6.5,3.66666666666667,5.16666666666667,3,4,4,4,2.5,3,6,14,5,6,10,11,3,3,5,2,50,27,46,2.5625,4.625,3.75,2.125,2.125,3.25,3,3.75,4,3.5,3.1875,3.66349206349206,3.20684523809524
116,1,0,2,2,4.2,2.8,4,3.25,3.67857142857143,3.57142857142857,0.307692307692308,3.71428571428571,1.42857142857143,1.66666666666667,2.4,4.5,4.14285714285714,3.42857142857143,0.571428571428571,2.625,2.59649122807018,2,2,4.83333333333333,4.5,1.5,2.8,4.5,4,4.5,3,4,1,0,0,0,5,8,14,2,3.33333333333333,2.33333333333333,-1,46,24,42,2.4375,4.5,2.125,0,0.375,0.125,1.625,2.75,2.875,3.25,1.640625,3.44285714285714,2.2514880952381
117,1,0,1,3,3.8,4,4.33333333333333,3.5,3.97619047619048,3.85714285714286,0.615384615384615,3.42857142857143,1,1.66666666666667,1.4,2.66666666666667,2,3.42857142857143,1.14285714285714,1.875,1.98245614035088,1.875,1,4,4,1.66666666666667,3.33333333333333,2,4,4,2.5,3,2,2,1,7,6,6,8,3,4.33333333333333,2,-2.33333333333333,32,33,36,2.8125,3.1875,2.5,1.25,1,1.875,2.625,2.875,3,2.875,2.25,2.4984126984127,1.67113095238095
118,1,0,1,1,3.2,3.4,3.5,3.375,3.44642857142857,3.42857142857143,0.230769230769231,2.42857142857143,2.42857142857143,2.75,1,3.33333333333333,3.71428571428571,4.57142857142857,2.57142857142857,3,3.03508771929825,3.375,3.14285714285714,4,5.25,4,4,1.5,3,3.5,3,4,1,2,3,3,4,6,8,1,4,3,-1,40,30,38,2.5625,3,2.125,1.25,2.875,2.5,2.71428571428571,2.75,2,1.75,2.24553571428571,2.96825396825397,3.00892857142857
119,1,0,2,1,5,4.2,4.66666666666667,3.875,4.32738095238095,4.21428571428571,0.461538461538461,3.85714285714286,2.42857142857143,2.33333333333333,1.8,3.33333333333333,3.42857142857143,3.14285714285714,2.14285714285714,2.75,2.71929824561404,2.25,1.42857142857143,5.5,5.5,2.5,2.66666666666667,3.5,5,5,2,3.5,1,4,3,3,5,7,8,4,2.33333333333333,3,0.666666666666667,34,23,45,4.0625,4.75,2.75,2.125,1.5,2.5,2.625,3,3,3,2.5625,2.75873015873016,2.66369047619048
120,1,0,1,2,3.2,2,3.16666666666667,1.75,2.55952380952381,2.35714285714286,0.461538461538461,2,1,1.25,3.6,1.5,2.71428571428571,3.57142857142857,0.571428571428571,1.25,1.94736842105263,1.25,1.85714285714286,3.16666666666667,4.5,4.33333333333333,1.66666666666667,2.5,4.5,3.5,4,3,0,0,7,9,8,7,1,0,4.33333333333333,3,-1.33333333333333,29,33,28,2.625,3.75,1,0.625,0.5,0.5,1,1.75,1.375,1.375,1.015625,2.89047619047619,1.44642857142857
121,1,0,1,1,4,3.2,4,3.25,3.67857142857143,3.57142857142857,0.461538461538461,3.28571428571429,1.14285714285714,2.08333333333333,3.8,2.5,2.71428571428571,3.42857142857143,2,2.375,2.64912280701754,2.875,2.42857142857143,4.83333333333333,4.5,3.83333333333333,3.16666666666667,2.5,3,2.5,1.5,3.5,6,4,6,1,1,3,5,2,3,4,1,26,24,34,2.625,3.375,2.5,2.25,1.625,2.125,1.625,2.125,2.5,2.5,2.15625,3.24285714285714,2.29315476190476
122,1,0,1,1,3.4,4,3.83333333333333,2.875,3.42261904761905,3.28571428571429,0.0769230769230769,2.85714285714286,1.85714285714286,1.75,4.2,3.66666666666667,4,2.71428571428571,3.14285714285714,4,3.21052631578947,3.75,2.57142857142857,2.83333333333333,6.25,6.16666666666667,5.33333333333333,4,1.5,5,4,3.5,2,4,9,2,9,,7,1,4.66666666666667,2,-2.66666666666667,36,23,30,2.375,2.875,2.75,2,2.75,3,2.75,3.5,1.625,2.25,2.578125,3.52698412698413,3.22321428571429
123,1,0,2,1,3.8,4.4,4.5,4,4.28571428571429,4.21428571428571,0.153846153846154,4.42857142857143,1.85714285714286,3.66666666666667,3.4,4.66666666666667,4.14285714285714,4.14285714285714,2.14285714285714,3.25,3.66666666666667,3.75,2.42857142857143,5.5,4,4.66666666666667,4.16666666666667,3.5,1.5,5,4.5,5,7,5,12,1,3,4,11,3,2.33333333333333,4,1.66666666666667,45,20,45,1.9375,4.375,2.375,0.625,1.25,1.625,1.625,2.375,1.875,2.625,1.796875,4.06984126984127,3.30059523809524
124,1,0,2,4,4,3,4.33333333333333,3.75,4.08333333333333,4,0.461538461538461,3.42857142857143,2,1.58333333333333,2.6,1.5,2,3,1.14285714285714,1.5,1.89473684210526,3.75,3.28571428571429,3.83333333333333,3.5,3,3.33333333333333,1.5,1.5,5,4,4,1,4,1,3,1,0,0,0,4.33333333333333,3.33333333333333,-1,25,26,36,3.375,3.625,0.875,0.25,0.25,0.5,0.75,1.375,1.75,1.5,0.90625,2.36666666666667,1.55654761904762
125,1,0,2,1,3.8,4,3.83333333333333,3.875,3.85119047619048,3.85714285714286,0.307692307692308,2.57142857142857,2.42857142857143,4.16666666666667,3.2,3.83333333333333,3.28571428571429,4.14285714285714,2.71428571428571,2.875,3.47368421052632,3.25,3.28571428571429,6.5,3.75,4,5.66666666666667,2,4.5,3,3.5,3,4,6,8,,5,6,9,7,5,3.5,-1.5,39,34,49,3.375,4.625,2.25,1.25,1.28571428571429,1.5,1.5,2.75,3,2.875,2.05133928571429,3.72539682539683,3.26041666666667
126,1,0,2,1,4,3,4,3.25,3.67857142857143,3.57142857142857,0.0769230769230769,3.14285714285714,1.28571428571429,3.33333333333333,1.6,3,3.14285714285714,3.14285714285714,1.71428571428571,2.75,2.71929824561404,3.625,2.14285714285714,4.5,4.5,2.66666666666667,3.66666666666667,4,3.5,4.5,3.5,3.5,2,2,2,2,5,11,7,5,2.33333333333333,3,0.666666666666667,44,32,41,3.75,3.625,1.875,1.25,1.25,1.5,1.875,2.875,3,2.625,2.03125,2.58095238095238,2.73511904761905
127,1,0,1,1,5,3.2,4.33333333333333,3,3.76190476190476,3.57142857142857,0.538461538461539,4,1.71428571428571,1.33333333333333,3.6,3.16666666666667,1.14285714285714,3,1.42857142857143,1.375,2.03508771929825,1.875,2.14285714285714,3.5,2,1.16666666666667,3.33333333333333,4,4.5,5,2,3,0,0,0,1,6,6,8,5,2.66666666666667,4.33333333333333,1.66666666666667,33,21,39,2.8125,3.875,2.5,1.375,1.875,2.375,2.75,3.125,2.75,3,2.46875,3.25555555555556,1.31994047619048
128,1,0,2,3,2.6,2,3.5,2.75,3.17857142857143,3.07142857142857,0.153846153846154,2.28571428571429,1.14285714285714,2.36363636363636,2,3,3.28571428571429,2,2.28571428571429,3.125,2.58928571428571,3.875,3.14285714285714,4.33333333333333,5.5,4,5.33333333333333,3.5,3.5,3.5,4.5,2,8,5,8,3,6,6,3,6,5.33333333333333,1.66666666666667,-3.66666666666667,26,30,,3,4.4375,2.125,1.875,1.875,1.71428571428571,1.75,2.625,2,1.75,1.96428571428571,2.33333333333333,2.76501623376623
129,1,0,1,2,4,2.2,4.16666666666667,3.375,3.82738095238095,3.71428571428571,0.307692307692308,3.57142857142857,1.28571428571429,1.75,1.8,2.16666666666667,3.42857142857143,3.42857142857143,1,2.125,2.19298245614035,2.5,3,5.16666666666667,4.5,1.83333333333333,1.16666666666667,1.5,4,3.5,3,3.5,3,1,1,7,8,9,9,4,2.33333333333333,5,2.66666666666667,40,31,42,2.1875,3.875,2.125,1,1.125,2.14285714285714,1.625,2.75,2.375,2,1.89285714285714,2.46507936507937,2.07589285714286
130,1,0,1,1,5,3.8,4.5,3.375,4.01785714285714,3.85714285714286,0.307692307692308,4,2.85714285714286,2.5,4.4,3,3.57142857142857,3.85714285714286,2.85714285714286,3.375,3.28070175438596,3,2.57142857142857,5.33333333333333,1.5,2,3.5,2.5,3.5,4,3.5,5,1,1,0,4,2,1,5,5,3.33333333333333,3.66666666666667,0.333333333333333,20,20,35,2.625,3.25,2.875,2.375,1.75,2.25,2.25,2.125,2.875,2.875,2.421875,3.75238095238095,3.07589285714286
201,2,0,2,1,3,4,4.33333333333333,3.5,3.97619047619048,3.85714285714286,0.538461538461539,2.71428571428571,1.14285714285714,2.33333333333333,2.4,2.5,1.85714285714286,2.71428571428571,1,1.5,2.07017543859649,1.25,1,5.33333333333333,3.25,3.66666666666667,3.66666666666667,5,5,3,2,5,0,0,0,0,9,11,8,3,2.66666666666667,4,1.33333333333333,46,26,51,3.6875,4.375,2,1.25,1,1.85714285714286,2.25,3.25,2.625,2.375,2.07589285714286,2.53809523809524,1.67261904761905
202,2,0,2,1,2.4,2.2,4.16666666666667,2.625,3.50595238095238,3.28571428571429,0.307692307692308,3.28571428571429,1.28571428571429,2.41666666666667,1.4,2.66666666666667,1,2.71428571428571,0.428571428571429,1.875,1.80701754385965,2.875,1.85714285714286,5.16666666666667,1.75,2.5,6.16666666666667,4.5,4.5,3.5,4,4.5,3,1,0,0,5,7,7,7,2.66666666666667,4,1.33333333333333,46,30,44,2.875,3.4375,1,0.125,0.25,1.25,1.375,2.25,1.625,1.75,1.203125,2.26031746031746,1.43005952380952
203,2,1,2,1,2.8,1.6,4.83333333333333,3.625,4.31547619047619,4.14285714285714,0.692307692307692,4.14285714285714,1.42857142857143,0.583333333333333,3,3.5,3.83333333333333,4.14285714285714,1.85714285714286,2.875,2.66071428571429,1.625,1.57142857142857,5.33333333333333,3.75,1.16666666666667,3,3.5,4,4,2,5,0,0,2,0,7,8,6,1,2.66666666666667,4.33333333333333,1.66666666666667,42,13,41,3,4.25,2.75,0.75,0.5,0.375,1,3.125,3.375,3.375,1.90625,3.54761904761905,2.28720238095238
204,2,1,2,1,4,2,4.66666666666667,3,3.95238095238095,3.71428571428571,0.538461538461539,3.57142857142857,2,1.90909090909091,2,2.66666666666667,3,2.14285714285714,2.14285714285714,2.875,2.375,3,2.71428571428571,4.33333333333333,3.5,1.66666666666667,6.33333333333333,3,3,4,2.5,2.5,,7,4,3,8,9,,8,3,5,2,26,23,40,4.28571428571429,4.44444444444444,2.125,1.5,1.25,1.375,1.375,1.5,2.75,2.5,1.796875,2.26984126984127,2.48173701298701
205,2,1,2,2,3.6,3.4,4.5,3.125,3.91071428571429,3.71428571428571,0.384615384615385,3.71428571428571,2.14285714285714,1.25,2.8,2.33333333333333,2,3,0.833333333333333,2.25,1.98214285714286,1.125,1.28571428571429,3.83333333333333,2,2.5,2.66666666666667,3.5,4,4,2.5,3.5,3,0,0,1,5,4,7,2,4,2.66666666666667,-1.33333333333333,40,20,46,3.5,3.8125,2.25,1.25,1.125,1,2,2.625,2.5,2.75,1.9375,2.71111111111111,1.58333333333333
206,2,0,2,1,3.4,3.4,4,2.75,3.46428571428571,3.28571428571429,0.384615384615385,4,2,2.5,2.6,2.83333333333333,1.14285714285714,2.71428571428571,0,3,2.08771929824561,2.875,2.14285714285714,6.16666666666667,1,2,2.16666666666667,5,3.5,3.5,3,3,3,2,0,2,6,4,2,11,3.66666666666667,3.66666666666667,0,36,18,45,3.125,4,2.5,1.5,0.625,1.75,2.5,3,3.25,3.375,2.3125,2.71587301587302,1.66071428571429
207,2,0,2,2,4.2,4,4.66666666666667,3.5,4.16666666666667,4,0.461538461538461,3,1,3.83333333333333,3,4,3,4.28571428571429,2.14285714285714,2.5,3.31578947368421,3.125,2.14285714285714,5.5,5,4.33333333333333,5.5,3,4,4,4,2.5,1,4,8,6,8,10,10,7,2.66666666666667,4.5,1.83333333333333,50,33,51,4.3125,4.3125,2.375,1.5,1.75,2.5,2.75,3.5,2.875,3,2.53125,3.76190476190476,2.86904761904762
208,2,1,1,1,5,2.6,5,4.125,4.625,4.5,0.692307692307692,4.28571428571429,1,1.58333333333333,1,2.83333333333333,2.42857142857143,2.71428571428571,0.857142857142857,2.25,1.92982456140351,1.875,2.14285714285714,5.33333333333333,3,1,1.33333333333333,2,3.5,5,4,4.5,3,0,0,5,4,7,6,2,3.66666666666667,5,1.33333333333333,37,24,47,3.375,4.0625,2.25,1.125,0.625,0.875,1.625,2.125,3,2.5,1.765625,2.18253968253968,1.7797619047619
209,2,0,1,1,3.6,3.4,3.83333333333333,3.375,3.63690476190476,3.57142857142857,0.307692307692308,3.28571428571429,2,1.27272727272727,2.2,2,3.42857142857143,2.33333333333333,1.57142857142857,1.75,2.01818181818182,3.25,3,4.16666666666667,4.25,3.5,3.16666666666667,1.5,4,2.5,3,2,4,5,9,13,5,5,1,5,2.66666666666667,4.66666666666667,2,21,22,24,3,3.9375,2,1.625,1.75,2.625,2.5,2.75,2.14285714285714,2.5,2.23660714285714,2.17777777777778,2.00568181818182
210,2,0,2,3,4,3.2,4.66666666666667,3.625,4.2202380952381,4.07142857142857,0.384615384615385,4.14285714285714,1,2.58333333333333,3.4,3,3.85714285714286,3.85714285714286,2,3.125,3.12280701754386,2.75,1.85714285714286,5,3.75,4,2.16666666666667,2,3,4.5,2.5,4,2,1,2,1,5,5,3,1,2,4.33333333333333,2.33333333333333,33,24,33,2.5625,3.75,2.375,1,0.875,1.375,0.625,1.75,2.5,2.25,1.59375,3.41904761904762,2.89136904761905
211,2,1,2,1,3.4,3.2,4.16666666666667,3.125,3.7202380952381,3.57142857142857,0.538461538461539,3.14285714285714,1,1.75,2.2,2.5,3,3.57142857142857,0.857142857142857,2.25,2.29824561403509,2.375,3.28571428571429,3.83333333333333,1.75,1.5,3.66666666666667,3,4,4,3,3.5,2,2,0,4,4,3,9,1,4,3.66666666666667,-0.333333333333333,35,25,42,2.875,3.9375,1.5,0.75,0.375,0.875,1.25,1.5,1.5,1.875,1.203125,2.75714285714286,1.96428571428571
212,2,0,1,1,4,2.4,4.16666666666667,3.375,3.82738095238095,3.71428571428571,0.615384615384615,4,1,1.58333333333333,3.2,3.83333333333333,1.28571428571429,3.71428571428571,1.28571428571429,2.125,2.26315789473684,2.75,2.85714285714286,6.83333333333333,2.5,1.5,3.83333333333333,4,4.5,4,2,3.5,1,0,0,1,2,4,6,4,1.66666666666667,5,3.33333333333333,35,13,50,3.5625,4.1875,0.875,0.428571428571429,0.75,0.875,1.25,1.125,1.375,1.125,0.975446428571429,3.58253968253968,1.56994047619048
213,2,0,1,2,5,2.6,3.83333333333333,3.25,3.58333333333333,3.5,0,3.85714285714286,1.85714285714286,1.91666666666667,3.8,2.83333333333333,2,3,0.285714285714286,2.75,2.28070175438596,2,2.42857142857143,4,4,2,5.33333333333333,4.5,4.5,2.5,1,3.5,2,0,0,0,0,0,0,2,3,2.66666666666667,-0.333333333333333,25,15,39,2.75,3.25,2.25,2.125,1.75,1.625,1.75,2.375,2.25,2.25,2.046875,3.21111111111111,1.73809523809524
214,2,1,1,1,4,4,4,2.5,3.35714285714286,3.14285714285714,0.384615384615385,3.14285714285714,1.42857142857143,3.16666666666667,1.2,4.33333333333333,3.57142857142857,4.57142857142857,1.57142857142857,3,3.07017543859649,2.75,1.28571428571429,5.83333333333333,3.75,1.66666666666667,2.33333333333333,3,4.5,3,2.5,2.5,1,2,1,6,10,11,8,4,2,5,3,41,35,43,3.4375,4.1875,1.625,0.375,0.625,2,2.375,3.375,3.125,3,2.0625,3.36825396825397,2.82738095238095
215,2,0,1,2,4.4,1,3.66666666666667,2.875,3.32738095238095,3.21428571428571,0.461538461538461,4.14285714285714,1.28571428571429,2,4,3.5,2.42857142857143,3,0.285714285714286,1.75,2.29824561403509,1.5,1.71428571428571,6,1,2.33333333333333,3.16666666666667,4.5,4,2.5,3,5,2,1,0,2,0,1,8,4,1,6,5,35,17,51,1.875,3.9375,1.375,0.875,1.125,1.375,2.25,2.875,2.875,2.875,1.953125,3.5,1.61607142857143
218,2,1,1,1,5,1,4.83333333333333,3.875,4.42261904761905,4.28571428571429,0.923076923076923,5,1,0,4.2,0.666666666666667,0.142857142857143,0.714285714285714,0,0.125,0.666666666666667,2,1.57142857142857,4,5.25,1.16666666666667,1,2.5,5,5,1,5,0,4,0,0,0,0,0,0,3.66666666666667,3,-0.666666666666667,9,14,12,1,3.1875,2,1.25,1.5,1.5,1.25,1.25,1.5,1.5,1.46875,1.86031746031746,0.0669642857142857
219,2,0,1,1,3.4,3.4,3.5,2.625,3.125,3,0.307692307692308,2.85714285714286,1.85714285714286,2.58333333333333,2.2,2.5,2.71428571428571,3,3,2.125,2.57894736842105,2.75,2.14285714285714,3.83333333333333,4,3.5,3.66666666666667,3,2.5,3,3,4,6,,8,6,8,,6,6,3.66666666666667,4,0.333333333333333,45,36,45,3.13333333333333,3.26666666666667,2.25,1.625,1.625,2.25,2.375,1.625,2.14285714285714,2.25,2.01785714285714,2.56666666666667,2.60565476190476
220,2,0,1,2,4.6,3.8,5,3.85714285714286,4.51020408163265,4.38461538461539,0.230769230769231,4.14285714285714,1.14285714285714,2.75,2,3.33333333333333,3.28571428571429,4.85714285714286,2.85714285714286,3.625,3.28070175438596,3.875,2.42857142857143,5.5,4.25,4,4,3,3.5,5,3.5,4.5,2,5,4,4,5,8,6,2,5,2.66666666666667,-2.33333333333333,47,21,46,4.125,4.4375,3,1,0.875,2.625,2.625,3.75,3.25,3.25,2.546875,3.3968253968254,3.12946428571429
221,2,0,1,1,3.8,3.4,3.83333333333333,2.5,3.26190476190476,3.07142857142857,0.307692307692308,4.14285714285714,1.57142857142857,2.08333333333333,2.4,2.83333333333333,3.14285714285714,4.57142857142857,2.42857142857143,3.5,2.92982456140351,2.625,1.42857142857143,4.33333333333333,4.5,3.33333333333333,4.83333333333333,2.5,3,5,2.5,3,2,2,6,9,11,10,4,3,4.66666666666667,2,-2.66666666666667,28,22,45,2.8125,3.5,2.5,1.75,1.625,2.375,1,2.375,2,2.14285714285714,1.97098214285714,3.26825396825397,2.78869047619048
222,2,0,1,1,3.4,2.2,4.33333333333333,3.125,3.81547619047619,3.64285714285714,0.538461538461539,4.28571428571429,1.5,1.33333333333333,2.2,2.5,0.857142857142857,1.71428571428571,1,3.125,1.73684210526316,1.75,1.85714285714286,2.66666666666667,2.75,1.16666666666667,3.66666666666667,4.5,3.5,2.5,1,5,2,0,1,3,8,4,6,8,5,2.33333333333333,-2.66666666666667,30,15,41,2.25,3.375,2.125,1.25,0.142857142857143,1.125,1.375,2.75,2.25,2.5,1.68973214285714,2.13809523809524,1.57886904761905
223,2,0,1,1,3.6,3.2,3,3.125,3.05357142857143,3.07142857142857,0.538461538461539,3.71428571428571,2.28571428571429,2.33333333333333,3.2,1.83333333333333,2.16666666666667,2.71428571428571,2.71428571428571,3,2.56363636363636,3.125,2.85714285714286,3.66666666666667,4.75,4.5,4.5,3,2,2.5,2.5,3.5,10,7,7,9,10,8,7,9,4.33333333333333,3.66666666666667,-0.666666666666667,29,30,25,2.4375,3,2,2.25,1.875,2.125,2,2.125,2,1.875,2.03125,2.58253968253968,2.55357142857143
224,2,0,2,3,3,2.8,3.16666666666667,3.125,3.14880952380952,3.14285714285714,0.230769230769231,2.71428571428571,1.16666666666667,2.75,3.4,3.16666666666667,2.71428571428571,2.57142857142857,3,3,2.94736842105263,2.75,3.28571428571429,4,4,2.16666666666667,3.83333333333333,2.5,1.5,4,3.5,3.5,8,8,,9,12,9,11,8,4,2.66666666666667,-1.33333333333333,38,38,38,4.3125,4.5,2,2,2,2,1.75,2,2,2.125,1.984375,3.04603174603175,2.86607142857143
225,2,1,2,4,3.8,4.4,4.16666666666667,2.875,3.61309523809524,3.42857142857143,0.384615384615385,3.28571428571429,1.42857142857143,1.5,1.8,2.33333333333333,2.57142857142857,3,2.42857142857143,2.25,2.2280701754386,3.5,1.57142857142857,4,3.75,2.83333333333333,3.83333333333333,2,3,3.5,4,4,3,3,4,8,7,6,3,0,2.66666666666667,3.66666666666667,1,,31,41,3.6875,4.0625,1.25,0.375,0.75,1.5,1.5,1.625,1.875,1.5,1.296875,2.37777777777778,2.1875
226,2,1,2,2,3,4,4,3,3.57142857142857,3.42857142857143,0,3.42857142857143,1.14285714285714,4,1.4,3.83333333333333,3.71428571428571,3.57142857142857,3.42857142857143,3,3.40350877192982,3.5,2,4.66666666666667,5,5.66666666666667,3.83333333333333,1.5,3.5,2.5,4.5,3.5,0,4,11,13,13,13,14,8,4.66666666666667,2.33333333333333,-2.33333333333333,48,34,43,4.25,4.375,2.625,1.5,2.25,3,2.75,3.25,3,2.875,2.65625,2.93492063492064,3.53571428571429
227,2,0,1,1,3.4,4,3.5,2.875,3.23214285714286,3.14285714285714,0.153846153846154,2.71428571428571,1.42857142857143,2.81818181818182,2.6,2.16666666666667,1.83333333333333,2.57142857142857,1.85714285714286,2,2.25454545454545,3.14285714285714,2.57142857142857,4.5,5.25,4.16666666666667,5,1,4.5,3.5,4,3.5,6,9,5,12,7,8,9,7,3,3.33333333333333,0.333333333333333,33,41,37,3.33333333333333,3.53333333333333,1.875,2.125,2,2.5,2,2.625,2.25,2.125,2.1875,2.44603174603175,2.1271645021645
228,2,0,2,3,3.4,4.2,4.33333333333333,3.25,3.86904761904762,3.71428571428571,0.230769230769231,2.71428571428571,1,3.91666666666667,2.6,3.5,2.42857142857143,3.57142857142857,1,3,2.91228070175439,3,3,4.5,3,2.16666666666667,4.66666666666667,3,3,4,4,5,7,5,1,14,11,8,11,13,4,2.33333333333333,-1.66666666666667,41,34,48,3.9375,4.3125,1.75,1,0.5,2.125,2.875,3.375,2.625,3.25,2.1875,3.22380952380952,2.58630952380952
229,2,0,1,1,4,2.8,3.33333333333333,3,3.19047619047619,3.15384615384615,0.615384615384615,2.71428571428571,1,1.33333333333333,2.4,3.33333333333333,1.28571428571429,2.85714285714286,0.857142857142857,0.875,1.73684210526316,1.625,1.57142857142857,4.33333333333333,4.75,4,4,1.5,5,2.5,3,5,2,1,5,10,7,9,11,7,3.66666666666667,4,0.333333333333333,36,39,30,2.6875,4.1875,1.875,1.125,0.375,2.25,2,2.375,2.625,2.5,1.890625,2.86349206349206,1.08779761904762
230,2,0,1,2,4,1,4.83333333333333,3.25,4.1547619047619,3.92857142857143,0.692307692307692,4.28571428571429,1.28571428571429,0.25,3.4,3.33333333333333,1.85714285714286,3.57142857142857,0,0.125,1.6140350877193,1.625,3.57142857142857,1,4.25,3.83333333333333,1,5,4.5,4.5,2,4.5,5,4,1,0,0,0,1,0,4.33333333333333,3,-1.33333333333333,11,13,31,2.1875,2.9375,2.25,0.375,0.5,0.875,0.625,1.875,1.875,2.125,1.3125,3.43492063492064,0.558035714285714
231,2,0,1,3,3.6,2.2,3.83333333333333,3.5,3.69047619047619,3.64285714285714,0.461538461538461,3.57142857142857,1,1.66666666666667,2.6,2.5,1.85714285714286,2.71428571428571,1.71428571428571,2.125,2.14035087719298,2.625,3.71428571428571,4.33333333333333,3.5,1.16666666666667,1.66666666666667,3,3.5,3.5,2,4,4,2,2,1,0,2,5,3,3,3.33333333333333,0.333333333333333,24,16,39,2.6875,3.6875,2.75,1.625,1.375,1.375,1.375,1.875,2.125,2.375,1.859375,2.6047619047619,1.84077380952381
233,2,0,1,3,4,3.6,3.83333333333333,3.5,3.69047619047619,3.64285714285714,0.230769230769231,3.28571428571429,1.71428571428571,2.75,3.6,2.16666666666667,2.85714285714286,3.14285714285714,1.71428571428571,2.125,2.63157894736842,2.5,3,4.83333333333333,3.25,2.4,4.2,3,2,3,1.5,3,6,3,6,8,5,1,3,7,4,3,-1,30,21,42,3,3.875,2.25,1.625,0.5,1.375,1.75,2.375,2.5,2.625,1.875,2.96984126984127,2.36160714285714
234,2,0,2,3,4,2.2,4,3.25,3.67857142857143,3.57142857142857,0.692307692307692,3.71428571428571,2.14285714285714,2.16666666666667,2.4,3.16666666666667,2.57142857142857,2.85714285714286,1.28571428571429,2.625,2.3859649122807,2.625,2.85714285714286,5.33333333333333,2.75,1.83333333333333,4,5,4,3.5,4,2,1,2,3,3,13,10,6,5,3.33333333333333,4.33333333333333,1,36,24,39,2.75,3.875,1.75,0.625,0.375,1,1.25,2,1.625,1.625,1.28125,2.80793650793651,2.16220238095238
237,2,0,1,1,3.6,4,3.66666666666667,3.125,3.43452380952381,3.35714285714286,0.384615384615385,2.71428571428571,1.28571428571429,3.41666666666667,3.4,2.33333333333333,3.85714285714286,2.71428571428571,1.14285714285714,1.625,2.64912280701754,3.25,2,2,5.75,5.5,4.83333333333333,1.5,1.5,3,2,3,3,1,7,13,7,6,10,3,4,3,-1,33,32,31,2.73333333333333,4,1.875,0.875,1,1.75,1.125,2.25,1.75,1.875,1.5625,2.81587301587302,2.51041666666667
238,2,0,2,1,4,3.2,4.16666666666667,3,3.66666666666667,3.5,0.538461538461539,2.85714285714286,1.42857142857143,1.75,2,3.16666666666667,2,3.71428571428571,1.28571428571429,2.5,2.31578947368421,1.625,2.42857142857143,5.66666666666667,3,3.33333333333333,4.5,2,4,3,3.5,4,1,0,1,2,2,2,3,1,2.33333333333333,4,1.66666666666667,35,,47,3.5625,4.5625,2.125,0.25,0.125,0.75,1,1.875,2.875,2.625,1.453125,2.96031746031746,1.88392857142857
239,2,1,2,1,5,4.4,4.33333333333333,2.375,3.49404761904762,3.21428571428571,0.307692307692308,3,2.28571428571429,3.5,1.4,4,3.71428571428571,3.28571428571429,1.14285714285714,3.125,2.89473684210526,3.375,2.42857142857143,6,4.5,2.66666666666667,4.16666666666667,3,3,3.5,4.5,1,3,2,5,3,13,10,12,8,4.66666666666667,1.33333333333333,-3.33333333333333,42,38,41,4.0625,4.5,2.5,0.75,0.625,2.75,3.375,3.75,3.5,3.125,2.546875,2.8952380952381,2.87053571428571
240,2,0,2,1,4.2,2.4,5,4.625,4.83928571428571,4.78571428571429,0.615384615384615,4.42857142857143,1.57142857142857,0.25,4,3.33333333333333,3.14285714285714,1.28571428571429,1,0.5,1.70175438596491,4.25,4.28571428571429,5,5,2.5,6,4.5,4.5,4,3,3.5,2,1,12,0,4,,12,2,2.66666666666667,4.66666666666667,2,31,12,44,2.0625,4.4375,3,1.125,1.125,1.75,1,3.375,3.5,3.75,2.328125,2.87301587301587,1.22321428571429
241,2,0,2,4,4.2,4,3.83333333333333,3.125,3.52976190476191,3.42857142857143,0.307692307692308,3.85714285714286,1.85714285714286,3.5,1.8,3.66666666666667,2.85714285714286,3.71428571428571,1.57142857142857,2.75,2.89473684210526,2.5,1.85714285714286,5.5,3.75,5.16666666666667,5.16666666666667,4,4,4,1.5,3,2,5,6,5,9,11,9,11,4,3.33333333333333,-0.666666666666667,45,35,40,3.125,3.4375,2.25,1.375,1.625,1.625,2.125,2.875,2.5,3,2.171875,3.06031746031746,2.66964285714286
242,2,0,1,2,3.8,4.8,4.83333333333333,3.5,4.26190476190476,4.07142857142857,0.538461538461539,3.14285714285714,1.14285714285714,4.75,0.2,3.66666666666667,4.57142857142857,4.85714285714286,4.71428571428571,4.375,4.10526315789474,4.375,2.85714285714286,5.66666666666667,4.75,4,5.2,1,5,5,3.5,5,3,8,14,16,12,16,,8,4.66666666666667,1.66666666666667,-3,49,34,49,3.9375,4.5625,2.5,1.625,1.75,2.875,3,3.75,4,3.375,2.859375,2.90793650793651,4.60267857142857
243,2,0,2,1,3.6,3.8,4.66666666666667,2.875,3.89880952380952,3.64285714285714,0.384615384615385,3.85714285714286,1.42857142857143,2.75,2.2,3.5,1.42857142857143,2.57142857142857,0.714285714285714,3.125,2.33333333333333,2.125,1.85714285714286,6.16666666666667,2.5,1.16666666666667,2.66666666666667,4,4.5,5,3,4.5,0,0,0,1,8,8,2,3,4.66666666666667,2.33333333333333,-2.33333333333333,40,19,47,3.25,4.1875,2.5,1.625,0.875,2.25,2.5,3,3,3.125,2.359375,2.75714285714286,2.00446428571429
244,2,1,2,2,2.6,3.4,4.16666666666667,3.25,3.77380952380952,3.64285714285714,0.615384615384615,3.57142857142857,1,1.58333333333333,0.8,2.83333333333333,2.57142857142857,3,1.57142857142857,1.25,1.92982456140351,1.375,1.14285714285714,5.33333333333333,3.75,5.66666666666667,2,2,5,4.5,2,3.5,0,0,7,3,6,8,7,1,2,4.66666666666667,2.66666666666667,42,33,35,3,4.5625,1.875,0.25,0.875,0.625,1.125,3.25,2.125,2.875,1.625,2.21111111111111,1.74404761904762
245,2,0,2,1,4,3,5,3.5,4.35714285714286,4.14285714285714,0.230769230769231,4.14285714285714,1,0.416666666666667,0.6,3,3,2,0.714285714285714,1.25,1.50877192982456,2,1.14285714285714,6,5,1.83333333333333,4.66666666666667,3.5,4,4,3,4,2,1,1,2,7,8,7,4,3.66666666666667,4.66666666666667,1,29,22,34,3.125,4.25,1.5,0.625,0.75,1,1.125,2.375,2.375,2.375,1.515625,1.86666666666667,1.3452380952381
246,2,0,2,4,3.6,4,4,2.75,3.46428571428571,3.28571428571429,0.307692307692308,1.71428571428571,1.14285714285714,1.41666666666667,1,4.5,3.28571428571429,3,1,1,2.05263157894737,4.375,2,4.33333333333333,3,4.33333333333333,3.5,1.5,4,3,3.5,4,2,1,5,11,6,6,9,3,2.33333333333333,4,1.66666666666667,34,44,45,3.625,4.0625,2.75,1,0.625,2,2,3.75,3.5,3.5,2.390625,2.83333333333333,1.67559523809524
247,2,0,2,1,3,3.4,3.83333333333333,2.625,3.31547619047619,3.14285714285714,0.153846153846154,4.14285714285714,3.57142857142857,4.5,1.4,2.5,1.14285714285714,2,1,3.5,2.50877192982456,1.125,1.71428571428571,3,2,3,6,4,4,5,4.5,3,1,1,4,4,8,7,3,10,3,4.33333333333333,1.33333333333333,32,22,38,3.125,4.0625,1.5,1.25,1.125,1.875,1.625,2,1.57142857142857,1.71428571428571,1.58258928571429,1.96666666666667,2.53571428571429
248,2,0,1,3,2.4,3.4,4,3.125,3.625,3.5,0.153846153846154,2.85714285714286,1.14285714285714,2.33333333333333,3,2.5,2.57142857142857,2.85714285714286,0.428571428571429,2.625,2.2280701754386,2.5,3,4.5,2.25,1.16666666666667,2.33333333333333,3,4,2.5,4,4,4,2,0,2,5,2,3,4,2,4,2,33,29,43,3.0625,3.4375,1.375,0.375,0,0.25,1,1.875,2.25,1.625,1.09375,2.78571428571429,1.98958333333333
249,2,0,2,1,4.2,3,3.83333333333333,2.75,3.36904761904762,3.21428571428571,0.153846153846154,3.85714285714286,1.57142857142857,2.16666666666667,3,3.5,2.28571428571429,3.57142857142857,1.85714285714286,2.625,2.68421052631579,3.375,3.14285714285714,5.5,3.75,3.5,5,3.5,3.5,3,3.5,3.5,5,4,4,4,6,7,8,8,3.66666666666667,4,0.333333333333333,45,26,43,3.875,4.1875,2.625,1.5,1.125,2,2.25,3,2.75,2.875,2.265625,3.35714285714286,2.23363095238095
301,3,1,2,1,3,3,3.33333333333333,2.25,2.86904761904762,2.71428571428571,0.153846153846154,3.14285714285714,1.71428571428571,3.08333333333333,2,1,3.85714285714286,2.14285714285714,3.42857142857143,4.375,2.91228070175439,3,4.71428571428571,4.83333333333333,4,3.83333333333333,3.5,4.5,3,2.5,2.5,3,10,9,11,3,1,1,1,1,2.33333333333333,4,1.66666666666667,24,21,31,2.75,2.25,2.625,2.625,2.875,3.125,2.75,2.625,2.75,3,2.796875,1.71428571428571,3.6860119047619
302,3,0,2,1,3.8,2.8,4.83333333333333,2.875,3.99404761904762,3.71428571428571,0.230769230769231,3.42857142857143,1.85714285714286,2.83333333333333,1.8,3.16666666666667,2.42857142857143,3.71428571428571,2.28571428571429,2.75,2.73684210526316,3.25,2.85714285714286,4.83333333333333,3.75,3,4,3.5,4,4,3.5,3.5,4,2,1,0,4,5,8,11,2,4.33333333333333,2.33333333333333,43,23,48,2.8125,3.875,2.625,1.125,1.875,1.375,1.75,2.625,2.75,2.875,2.125,2.89365079365079,2.57440476190476
303,3,0,1,2,4.2,1.6,4.5,3.25,3.96428571428571,3.78571428571429,0.692307692307692,4.28571428571429,1,0.181818181818182,1.4,2.33333333333333,1.85714285714286,1.71428571428571,0.285714285714286,0.875,1.125,1.25,1,4.5,4,1.33333333333333,2.5,3,4.5,4.5,2,3.5,2,0,0,2,2,3,2,1,4.66666666666667,3.33333333333333,-1.33333333333333,22,16,45,1.75,3.75,1.57142857142857,0.571428571428571,0.25,0.5,0.875,1.875,2.875,2.5,1.37723214285714,1.81587301587302,0.799918831168831
304,3,0,2,1,3.6,3.4,3.5,3.14285714285714,3.3469387755102,3.30769230769231,0.461538461538461,3,1,1.45454545454545,0.6,3,2.16666666666667,4,1.28571428571429,0.714285714285714,1.92452830188679,1.85714285714286,1.71428571428571,5.33333333333333,2,2.5,4.5,5,5,3,2.5,4.5,0,1,0,0,8,11,11,12,4.33333333333333,2.66666666666667,-1.66666666666667,42,20,45,2.9375,4.1875,2.625,1.25,0.625,1.25,1.625,2.625,2.875,3.25,2.015625,2.53333333333333,1.40530303030303
305,3,0,2,1,4.6,4.4,4.66666666666667,3.75,4.27380952380952,4.14285714285714,0.230769230769231,4.14285714285714,1,3.66666666666667,3.6,4.16666666666667,3.28571428571429,4.14285714285714,3.28571428571429,3.375,3.63157894736842,2.125,2.28571428571429,5.5,5,4.66666666666667,4.5,4.5,4.5,4,1.5,4,0,0,0,0,1,0,2,0,1.66666666666667,4,2.33333333333333,16,14,33,2.875,3.6875,3,0.5,0.625,2.25,1.125,3,3.125,3.125,2.09375,3.96984126984127,3.40327380952381
306,3,1,2,1,4,3.2,4.33333333333333,2.875,3.70833333333333,3.5,0.153846153846154,4.14285714285714,1.14285714285714,2.83333333333333,4,2.33333333333333,1.28571428571429,3.16666666666667,2,2.875,2.60714285714286,3.375,3.28571428571429,3,5,1.5,4.5,4,3,4,4,4.5,9,2,4,4,9,8,3,9,3.66666666666667,3.66666666666667,0,32,24,29,2,3.5625,1.375,0.125,0.125,1.375,1.25,2.375,2.25,1.625,1.3125,3.16666666666667,2.2485119047619
307,3,1,2,1,3.2,3.4,4.16666666666667,2.375,3.39880952380952,3.14285714285714,0.384615384615385,2.57142857142857,1,2.16666666666667,1.8,3.66666666666667,2.42857142857143,1.57142857142857,2.42857142857143,2.25,2.33333333333333,2.125,2.14285714285714,5.33333333333333,2.75,1.33333333333333,3.33333333333333,2.5,4.5,3,4,2.5,3,0,0,7,8,7,8,2,3.66666666666667,3.33333333333333,-0.333333333333333,43,32,47,3.6875,3.875,1.5,0.75,0.5,1.375,1.875,2.25,2.25,2,1.5625,2.34603174603175,2.31845238095238
308,3,0,2,1,3,3.8,4.33333333333333,2.75,3.6547619047619,3.42857142857143,0.307692307692308,4.28571428571429,1.42857142857143,3.16666666666667,3.4,4,1.14285714285714,4.71428571428571,1.57142857142857,2.75,2.96491228070175,3,2.42857142857143,5.5,1.5,5.83333333333333,2.83333333333333,5,3.5,3.5,4,5,3,1,5,1,6,6,5,11,3.33333333333333,4.66666666666667,1.33333333333333,42,25,52,2.375,4.125,2.875,1,1.375,2,1.875,3.125,3,3,2.28125,4.03809523809524,2.1577380952381
309,3,0,1,1,4.4,4.4,4.16666666666667,3.5,3.88095238095238,3.78571428571429,0.230769230769231,3.28571428571429,1.14285714285714,2.5,1.6,3,2.28571428571429,4.14285714285714,2.57142857142857,3.25,2.7719298245614,3.5,3.42857142857143,3.16666666666667,2.75,1.5,5.33333333333333,5,4.5,3,4.5,2.5,8,4,2,3,4,9,8,6,5,1.66666666666667,-3.33333333333333,49,29,51,3,3.625,2.75,1.625,1.25,2.25,2.625,2.75,2.75,2.25,2.28125,2.91428571428571,2.65178571428571
310,3,0,1,3,3.8,3.4,3.83333333333333,2.75,3.36904761904762,3.21428571428571,0.307692307692308,2.85714285714286,1,2.25,2,2.83333333333333,2.14285714285714,3,2.57142857142857,2.625,2.47368421052632,2.875,1.85714285714286,4.33333333333333,4.5,2.33333333333333,2.83333333333333,3.5,4.5,4,2.5,4,3,6,6,7,10,10,9,7,4,3,-1,31,,30,2.9375,3.5,2.42857142857143,1.5,1.875,2.375,2.625,2.875,2.75,2.75,2.39732142857143,2.61111111111111,2.39732142857143
311,3,0,2,2,5,3.4,4.5,3,3.85714285714286,3.64285714285714,0.384615384615385,4.28571428571429,1,3.16666666666667,2.2,4,2.14285714285714,4.42857142857143,2,3.875,3.14035087719298,2.375,2,2.33333333333333,1.25,1,2.16666666666667,4.5,2.5,4.5,3.5,5,3,2,0,0,10,7,10,7,4,3,-1,41,15,53,2.875,4.5,2.5,0.75,0.25,1.125,1.625,3.125,3.5,3.375,2.03125,3.54285714285714,2.79613095238095
312,3,0,2,1,3,4,4.5,4.5,4.5,4.5,0.153846153846154,3.14285714285714,4.14285714285714,3.33333333333333,4.2,3.66666666666667,4.14285714285714,3.85714285714286,3.57142857142857,3.75,3.71929824561404,4.375,2.71428571428571,4.83333333333333,4,4,4,2.5,1,3,3.5,4,10,12,10,10,11,12,14,14,3,4.33333333333333,1.33333333333333,39,32,37,4.33333333333333,4.33333333333333,2.625,2.5,2.25,2.125,2,2.25,2.375,2.5,2.328125,3.90793650793651,3.69940476190476
313,3,0,2,2,3.4,3,4.16666666666667,3.25,3.77380952380952,3.64285714285714,0.0769230769230769,3.85714285714286,1.57142857142857,3.33333333333333,2.2,2.16666666666667,2.85714285714286,2.85714285714286,0.571428571428571,2.875,2.45614035087719,2.125,1.57142857142857,5.33333333333333,2,2,5.66666666666667,4,3,3.5,2.5,3.5,3,4,0,5,6,7,7,5,4,4,0,35,24,46,3.46666666666667,3.9375,2.875,1.875,1,2.25,2.625,3.25,3.625,3.375,2.609375,2.40793650793651,2.40922619047619
314,3,0,2,1,4,4.4,4.33333333333333,3.625,4.0297619047619,3.92857142857143,0.230769230769231,4.57142857142857,2.42857142857143,1.16666666666667,3.4,2.5,2.57142857142857,3,0.285714285714286,0.875,1.82456140350877,2.25,2.42857142857143,6.33333333333333,2.25,6,2.5,5,4,4,2.5,5,5,2,6,0,0,0,11,3,4.33333333333333,2.66666666666667,-1.66666666666667,17,11,29,3.5625,4.5,3,1.5,1.5,1.75,1.75,2.875,2.375,3.375,2.265625,2.96666666666667,1.22470238095238
315,3,0,2,1,4,2.8,5,2.75,4.03571428571429,3.71428571428571,0.0769230769230769,3.14285714285714,1.28571428571429,1.16666666666667,2.8,2.5,3.14285714285714,4,0.714285714285714,2.25,2.24561403508772,2.25,4.71428571428571,4.33333333333333,2,6.16666666666667,2.5,4.5,4,2.5,3,4,7,3,8,4,6,5,4,3,2.66666666666667,4.33333333333333,1.66666666666667,29,26,35,2.125,3.5,3.125,1.875,1.5,1.75,1.625,2.875,2.125,3.125,2.25,3.1,1.81845238095238
316,3,1,1,1,4,4.4,4.33333333333333,3.875,4.13690476190476,4.07142857142857,0.307692307692308,3.57142857142857,1.71428571428571,2.83333333333333,2,2,3.57142857142857,2.71428571428571,1.71428571428571,2.75,2.57894736842105,2.875,2.85714285714286,5.16666666666667,5.5,4.66666666666667,4.33333333333333,2,3,3.5,3,3.5,6,4,9,3,4,3,9,4,3.66666666666667,4,0.333333333333333,36,24,38,3.1875,4,2.875,1.625,3.125,3.25,2.5,3.625,3.25,2.5,2.84375,2.23809523809524,2.7172619047619
317,3,0,2,2,4.2,2.6,4.4,3.25,3.90714285714286,3.69230769230769,0.615384615384615,3.28571428571429,1,1.63636363636364,2.2,3.33333333333333,1.85714285714286,3.28571428571429,1.28571428571429,1.75,2.14285714285714,1.5,1.42857142857143,4.83333333333333,2.5,2.33333333333333,2.83333333333333,4,4,4,3.5,3.5,2,0,0,0,7,11,8,5,3,4,1,41,23,48,2.875,3.875,2.125,1.75,1.5,2,2.125,2.875,2.625,2.625,2.203125,2.93968253968254,1.63230519480519
318,3,0,2,1,4.4,3.2,4.5,3,3.85714285714286,3.64285714285714,0.230769230769231,4.42857142857143,1.14285714285714,2.75,2,4,3.14285714285714,4.16666666666667,1.71428571428571,2.375,2.82142857142857,2.625,3.57142857142857,5.16666666666667,2.5,2.5,4.33333333333333,3.5,4,3.5,4,4.5,2,1,2,3,6,6,8,3,4,3.33333333333333,-0.666666666666667,37,24,49,2.66666666666667,4.33333333333333,1.5,0.375,0.375,1,1.375,2.375,2,2.625,1.453125,3.38888888888889,2.49553571428571
319,3,0,2,1,3,4.4,3.83333333333333,2.625,3.31547619047619,3.14285714285714,0.153846153846154,3.14285714285714,1,2.75,2.8,2.5,3.14285714285714,2,4.14285714285714,1.75,2.75438596491228,2.875,2.14285714285714,5.5,3.5,4.83333333333333,6.16666666666667,3.5,3.5,3.5,3.5,4.5,,7,13,9,8,7,6,0,4,3,-1,30,38,43,3.1875,3.875,2.5,1.75,1.57142857142857,3.125,2.375,3.25,2.875,2.75,2.52455357142857,2.43333333333333,2.94642857142857
320,3,0,2,2,3.2,4.8,4.16666666666667,3.625,3.93452380952381,3.85714285714286,0.461538461538461,3.42857142857143,3.71428571428571,3.75,4,3.66666666666667,3.85714285714286,3.85714285714286,2.28571428571429,4,3.6140350877193,1.25,1.42857142857143,2,3,3,3.5,3.5,3.5,3.5,3,4,4,1,0,0,12,10,9,9,4.33333333333333,2.66666666666667,-1.66666666666667,43,20,39,3.4375,3.9375,2.375,1.75,0.5,2.125,2.125,2.75,2.75,2.625,2.125,3.84126984126984,3.47321428571429
321,3,1,2,1,4,3,4.16666666666667,3.625,3.93452380952381,3.85714285714286,0.538461538461539,2.85714285714286,1,1.5,1.8,2.16666666666667,3.66666666666667,0.857142857142857,0.714285714285714,1.125,1.55357142857143,1.75,1.14285714285714,3.66666666666667,3.75,2,3.66666666666667,4,2.5,4.5,4.5,2,0,1,2,2,14,12,10,1,4,2,-2,34,35,42,2.875,4.25,1.625,0.25,0.142857142857143,1.5,1.625,2.66666666666667,2.875,2.75,1.67931547619048,1.60793650793651,1.7514880952381
322,3,1,2,2,4.2,3.8,4.33333333333333,3.375,3.92261904761905,3.78571428571429,0.461538461538461,2.57142857142857,1.14285714285714,4.08333333333333,2,4,3.71428571428571,4.28571428571429,3.28571428571429,3.625,3.63157894736842,4,2.42857142857143,4.5,2.5,3.83333333333333,4.5,3,3.5,2.5,4,4,4,4,3,8,11,10,12,9,3,4.66666666666667,1.66666666666667,42,30,41,2.8125,4.0625,2.125,1.125,0.625,1.25,1.875,3.25,3.375,3,2.078125,3.42857142857143,3.67708333333333
323,3,0,2,1,3.6,3.6,4.16666666666667,3.5,3.88095238095238,3.78571428571429,0.0769230769230769,3,1.71428571428571,3.5,2.6,3.16666666666667,2.42857142857143,3.85714285714286,2.14285714285714,3.125,3,3.75,3.14285714285714,3.83333333333333,1.75,3.33333333333333,4.66666666666667,5,2.5,4,4.5,4.5,9,4,2,1,1,1,7,7,4,3,-1,35,24,44,3.25,4.6875,2.25,1.875,0.5,1.625,2.125,2.75,3.25,3.125,2.1875,3.20793650793651,2.79910714285714
324,3,1,2,1,3.4,4.2,4.5,3.375,4.01785714285714,3.85714285714286,0.230769230769231,3.14285714285714,1,2.66666666666667,2.8,3.33333333333333,4,2.85714285714286,1.14285714285714,2.375,2.70175438596491,3.625,3.28571428571429,4.66666666666667,2.25,6.66666666666667,4.5,5,2.5,3,2.5,3.5,6,4,12,1,10,9,6,12,1.66666666666667,5,3.33333333333333,43,34,49,3.5,4.0625,1.875,1,0.5,2.5,1.75,3.5,3,2.875,2.125,2.9968253968254,2.54613095238095
325,3,0,1,1,1.6,3.2,4.16666666666667,2.625,3.50595238095238,3.28571428571429,0.0769230769230769,3.28571428571429,1,1.66666666666667,2.2,2.16666666666667,2,2.71428571428571,2.14285714285714,1.625,2.07017543859649,3.375,1.14285714285714,6,5.25,2,4.83333333333333,3,3,3,3.5,4,5,3,3,5,7,5,3,8,4,3,-1,30,27,39,3,3.6875,1.5,1,1.5,1.25,1.25,2.125,1.375,2.125,1.515625,2.36031746031746,1.85863095238095
326,3,0,2,1,4,3.6,3.5,3.375,3.44642857142857,3.42857142857143,0.230769230769231,3.85714285714286,1,2.66666666666667,2.4,3.16666666666667,2.57142857142857,4.14285714285714,2.14285714285714,3.125,2.91228070175439,3.125,2.57142857142857,5.33333333333333,4.5,5,3.66666666666667,4.5,3,2.5,2.5,2.5,4,2,8,0,9,8,5,5,4.66666666666667,2,-2.66666666666667,,15,36,2.625,3.375,2.25,1.875,0.75,1.5,2.125,2.25,2.625,2.625,2,3.23650793650794,2.6264880952381
327,3,0,2,2,3.8,4.4,4,2.5,3.35714285714286,3.14285714285714,0.230769230769231,3.71428571428571,1.71428571428571,3,3.8,2.16666666666667,2.14285714285714,3.28571428571429,1.57142857142857,3.5,2.7719298245614,3.5,3.42857142857143,6.5,3.25,4.83333333333333,3.66666666666667,5,2.5,2.5,1,5,8,4,3,1,,1,4,9,3.66666666666667,2.66666666666667,-1,38,17,40,1.875,3.875,2.875,3,3,3,2.875,3.375,3.625,3.375,3.140625,3.08412698412698,2.55357142857143
328,3,1,2,2,3.6,4.4,4.66666666666667,1.875,3.4702380952381,3.07142857142857,0,3.85714285714286,1,4.25,2.6,4,4.14285714285714,3.57142857142857,0.285714285714286,0.75,2.87719298245614,2.5,1.85714285714286,1.66666666666667,2,2.16666666666667,4.5,4,4.5,5,5,3.5,1,0,1,7,7,7,14,4,4.33333333333333,3,-1.33333333333333,49,41,54,3.4375,4.5,2,0.125,0.375,1.75,3,3.875,3.75,3.375,2.28125,3.39047619047619,2.35714285714286
329,3,0,1,3,4,3.6,4.5,3.75,4.17857142857143,4.07142857142857,0.230769230769231,4.16666666666667,2.71428571428571,2.91666666666667,3.6,3.5,3.28571428571429,4.57142857142857,2.85714285714286,4,3.50877192982456,4.125,4,4.66666666666667,3.5,3,5.5,3.5,3,5,3.5,3.5,7,6,1,1,7,5,6,9,2.33333333333333,5,2.66666666666667,,24,46,3,3.4375,3.125,2.625,2.25,2.5,2.875,3.125,3.125,3.375,2.875,3.89047619047619,3.26488095238095
330,3,1,2,1,4,3.6,4.16666666666667,2.875,3.61309523809524,3.42857142857143,0,3.28571428571429,1.14285714285714,3.25,2,2.5,2.85714285714286,2.71428571428571,1.85714285714286,3.125,2.71929824561404,3.375,2.14285714285714,4.83333333333333,2.25,2.33333333333333,4.33333333333333,4,3.5,3,4,3,8,6,5,6,7,8,6,11,3,3.66666666666667,0.666666666666667,40,34,,3.3125,4,2.5,1.42857142857143,1.125,2.125,2.375,2.75,2.75,2.75,2.22544642857143,2.4047619047619,2.77232142857143
331,3,0,2,3,3.2,3.4,4.5,3.625,4.125,4,0.230769230769231,4.71428571428571,1.14285714285714,3,2.8,2.5,2,3.42857142857143,0.571428571428571,2.625,2.3859649122807,2.875,4.28571428571429,7,1.25,1,4,4,1.5,3,4,5,4,3,4,8,3,1,15,5,2.33333333333333,4.33333333333333,2,40,27,46,2.8125,4.4375,3.375,0.875,0.375,2.25,2.625,4,3.75,3.875,2.640625,2.90952380952381,2.04910714285714
332,3,0,2,1,3.4,2.6,3.33333333333333,2.5,2.97619047619048,2.85714285714286,0.230769230769231,2.85714285714286,1,3.08333333333333,3,2.5,3.57142857142857,2.57142857142857,3.85714285714286,3,3.10526315789474,3.75,3.57142857142857,3.66666666666667,4.75,4.66666666666667,4.83333333333333,2.5,3,4,4,2.5,5,3,8,4,5,6,6,2,4,3.33333333333333,-0.666666666666667,38,35,41,2.875,3.4375,1.625,1.5,1.75,1.75,1.625,2.375,2.375,2,1.875,2.69047619047619,3.37797619047619
333,3,0,2,1,2.8,2.4,4.16666666666667,2.875,3.61309523809524,3.42857142857143,0.230769230769231,3.42857142857143,3,2.08333333333333,2.2,2.16666666666667,2.57142857142857,3,0.857142857142857,1.875,2.08771929824561,2.375,2.57142857142857,4.16666666666667,3.25,4.83333333333333,3.83333333333333,3.5,3,3,2.5,3.5,6,5,4,3,4,4,4,4,4,1.66666666666667,-2.33333333333333,34,24,41,2.8125,3.25,2,1.25,0.875,1.625,1.625,2.25,2.25,2.125,1.75,2.45555555555556,1.84672619047619
334,3,0,2,2,3,2.4,5,2.625,3.98214285714286,3.64285714285714,0.769230769230769,3.85714285714286,1,0.833333333333333,0.25,1.5,0.714285714285714,0.285714285714286,0.428571428571429,0.75,0.732142857142857,1.625,2.57142857142857,4.5,1.25,1,2,4,3.5,5,4,2,1,0,0,0,2,1,4,5,1,6,5,35,26,37,2.125,2.25,0.75,0.125,0.5,1.125,1,1,2.125,1.625,1.03125,0.678571428571429,0.681547619047619
335,3,0,2,4,3.8,2.8,4.66666666666667,3.125,4.00595238095238,3.78571428571429,0.307692307692308,3.42857142857143,1,1.5,1.2,2,2,2.42857142857143,0.428571428571429,1.25,1.57894736842105,2.875,2.14285714285714,3.66666666666667,3.25,1,4.33333333333333,2,4.5,4.5,3.5,1,2,2,1,8,,1,6,2,4.33333333333333,2.66666666666667,-1.66666666666667,23,31,41,3.0625,4.25,1.125,0.75,1,1.75,2.875,2.625,1.875,2.125,1.765625,1.87619047619048,1.29464285714286
336,3,0,1,1,4.4,3,5,4.25,4.67857142857143,4.57142857142857,0.384615384615385,3.42857142857143,2.28571428571429,1.91666666666667,3.4,2.33333333333333,2.28571428571429,3.42857142857143,1.33333333333333,2,2.38181818181818,2.5,1.85714285714286,4,4.75,2.66666666666667,3,4,3.5,4.5,3.5,2,4,3,2,5,3,2,2,3,3.66666666666667,4.33333333333333,0.666666666666667,30,26,34,2,3.75,2.875,2.625,2.25,2.25,2.5,3.25,2.875,3.25,2.734375,3.05396825396825,1.88392857142857
337,3,0,2,1,1,3.6,4.5,3.5,4.07142857142857,3.92857142857143,0.384615384615385,3.28571428571429,1,0.916666666666667,0,1.33333333333333,2.42857142857143,2.71428571428571,1.42857142857143,3,1.7719298245614,3.625,4,4.83333333333333,3.25,2,5.5,4,4.5,1.5,5,3.5,4,3,0,3,7,8,10,6,4,2,-2,33,29,38,2.1875,4.25,2.625,1.25,0.375,0.5,0.625,1.25,1.875,1.5,1.25,1.34920634920635,1.94345238095238
338,3,0,2,1,4,3.6,3.83333333333333,3.25,3.58333333333333,3.5,0.846153846153846,3.57142857142857,1.14285714285714,0.916666666666667,3.6,3.66666666666667,0.285714285714286,2.71428571428571,0.428571428571429,0.375,1.54385964912281,1.5,1,4.66666666666667,2.75,3.83333333333333,4,5,4,5,1,2.5,1,1,0,0,7,11,12,8,1,5.66666666666667,4.66666666666667,43,19,52,2.625,4.4375,2.25,0.5,1.5,1.5,3.71428571428571,3.5,3.28571428571429,2.85714285714286,2.38839285714286,3.32698412698413,0.501488095238095
339,3,0,1,2,4.4,2.8,4.83333333333333,3.75,4.36904761904762,4.21428571428571,0.0769230769230769,3.71428571428571,1.71428571428571,2.33333333333333,1.2,3.66666666666667,2.71428571428571,4,0.857142857142857,2.5,2.43859649122807,2.625,2.42857142857143,5,4.25,2.83333333333333,3.33333333333333,1.5,3,5,2.5,4,1,4,0,4,7,6,1,2,4.66666666666667,2.66666666666667,-2,39,26,38,2.9375,3.875,2.375,1.875,1.5,2.625,2.625,2.625,1.75,2.625,2.25,2.95555555555556,2.10119047619048
340,3,1,2,1,4,3.8,3.83333333333333,3.125,3.52976190476191,3.42857142857143,0.384615384615385,3.42857142857143,1.28571428571429,2.83333333333333,1.6,3.16666666666667,2.28571428571429,3.66666666666667,2.57142857142857,2.625,2.69642857142857,2.5,2.28571428571429,5,2.25,3.66666666666667,4.5,3.5,3,3.5,3,2.5,2,1,1,1,6,4,3,5,3.33333333333333,3,-0.333333333333333,39,27,44,2.875,3.875,2.25,0.875,0.5,1.125,1.375,2.375,2,2.125,1.578125,2.81111111111111,2.57886904761905
341,3,1,2,1,3.8,4,3.83333333333333,2.875,3.42261904761905,3.28571428571429,0.307692307692308,3.42857142857143,1.42857142857143,2.41666666666667,3,3.66666666666667,2.85714285714286,3.42857142857143,2.71428571428571,3.75,3.07017543859649,3.125,2.28571428571429,3.66666666666667,4.75,5,3.16666666666667,3.5,4,4,2.5,4,2,2,8,1,10,11,12,3,4.33333333333333,3,-1.33333333333333,45,30,34,3.3125,3.875,1.625,0.625,1,0.875,1.875,2.625,1.625,1.75,1.5,3.36507936507937,2.93452380952381
342,3,0,1,2,4.2,3,4.83333333333333,3.625,4.31547619047619,4.14285714285714,0.615384615384615,4.28571428571429,1.14285714285714,2,2.6,2.83333333333333,1.85714285714286,3.14285714285714,1.14285714285714,2.125,2.21052631578947,2.25,1.28571428571429,6,2.75,1.33333333333333,2.5,3,3.5,5,1.5,2.5,4,1,2,4,5,5,6,3,4.5,2.66666666666667,-1.83333333333333,32,21,35,2.0625,3.5625,1.875,0.875,0.875,1.875,2.125,2.75,2.5,2.875,1.96875,2.85873015873016,1.78125
343,3,0,2,2,4.2,2.4,4.16666666666667,2.75,3.55952380952381,3.35714285714286,0.153846153846154,3.71428571428571,2.42857142857143,2.08333333333333,3.2,2.33333333333333,3.57142857142857,1.42857142857143,1.85714285714286,2.875,2.42105263157895,3,3.85714285714286,2.16666666666667,4,4.83333333333333,3.5,3,2,2.5,4,2,6,3,9,5,3,3,0,6,3,3.33333333333333,0.333333333333333,23,,41,2.9375,3.5625,2.75,1.75,1.75,1.75,1,2.125,2.375,2.75,2.03125,2.32063492063492,2.59672619047619
344,3,1,2,1,4,2.4,4,2.875,3.51785714285714,3.35714285714286,0.461538461538461,2.85714285714286,1.14285714285714,1.91666666666667,1.8,2.16666666666667,2,2.85714285714286,1.71428571428571,1.875,2.03508771929825,1.875,1.42857142857143,4.33333333333333,3.25,4.66666666666667,3.16666666666667,3,4,3.5,2.5,2.5,3,2,4,3,5,6,6,4,2.66666666666667,4.33333333333333,1.66666666666667,33,25,39,2.5,3.625,1.125,0.5,0.428571428571429,0.75,1,1.75,2.375,2,1.24107142857143,2.27460317460317,1.8764880952381
345,3,0,2,2,4.2,3.2,4.16666666666667,3.25,3.77380952380952,3.64285714285714,0.230769230769231,3,1.28571428571429,1.83333333333333,0,2.33333333333333,1.71428571428571,1.42857142857143,0.571428571428571,2.375,1.54385964912281,2.25,1.42857142857143,3.5,3.75,1,2.66666666666667,3,4,4.5,4,3,1,0,0,1,9,7,7,1,4,2.66666666666667,-1.33333333333333,43,31,44,2.25,3.9375,1.375,0.125,0,0.625,1,2,1.25,1.25,0.953125,1.25396825396825,1.6235119047619
346,3,0,1,2,3.4,2.8,3.66666666666667,2.625,3.22023809523809,3.07142857142857,0.538461538461539,3,1,1.66666666666667,3.2,3.83333333333333,1.57142857142857,3.28571428571429,0.571428571428571,1.5,2.07017543859649,1.875,1.85714285714286,5.2,4,5.66666666666667,2.33333333333333,3,3.5,2,2,3,0,0,6,0,1,3,3,0,3.33333333333333,3,-0.333333333333333,23,21,38,2,3.125,1.625,1.125,0.375,0.625,0.625,2.125,2.625,1.625,1.34375,3.43968253968254,1.32738095238095
401,4,0,2,1,3,4.4,4.5,3.25,3.96428571428571,3.78571428571429,0.769230769230769,3.85714285714286,1,3.16666666666667,2,3.33333333333333,2.42857142857143,3.42857142857143,1.14285714285714,1,2.43859649122807,2.625,1.71428571428571,6.83333333333333,2.25,1,1.66666666666667,3.5,4,3,4.5,2.5,2,0,1,10,4,8,9,3,4,2,-2,38,36,50,2.9375,4.25,2.375,1.5,0.625,1.875,2.375,3.5,3,2.375,2.203125,2.92063492063492,1.93452380952381
402,4,1,2,1,4,4.6,5,3.625,4.41071428571429,4.21428571428571,0.692307692307692,2.85714285714286,1,3.25,1.2,3.5,2.57142857142857,4,0.428571428571429,1,2.33333333333333,3.25,1.57142857142857,3.5,4.25,5.16666666666667,4.66666666666667,2.5,4.5,4.5,5,4,0,2,15,6,15,12,12,0,2,5,3,42,33,37,2.5,4.0625,2.375,1.25,1.75,2.5,1.75,3.125,2.625,2.75,2.265625,2.9,1.8125
403,4,1,2,1,4.4,4.2,4.83333333333333,4,4.47619047619048,4.35714285714286,0.307692307692308,4.57142857142857,2.42857142857143,1,3.6,2.83333333333333,3.57142857142857,4.28571428571429,2.57142857142857,2.125,2.73214285714286,1.25,1,7,5.25,4,2.83333333333333,4,4,4,1.5,5,5,4,5,0,7,8,9,8,5.66666666666667,1.66666666666667,-4,49,16,44,2.9375,4.0625,3,1.875,1.5,2.75,1.875,3,3.375,2.625,2.5,3.57301587301587,2.31696428571429
404,4,0,2,1,4,3.6,4.16666666666667,3.125,3.7202380952381,3.57142857142857,0.615384615384615,3.57142857142857,1,2.75,0.6,3.16666666666667,3.28571428571429,3.71428571428571,2.85714285714286,2.75,2.82456140350877,2.75,2.57142857142857,4.83333333333333,3.75,3.66666666666667,5.83333333333333,3,4.5,3,2.5,3.5,2,1,3,3,6,8,6,7,3.66666666666667,3,-0.666666666666667,43,29,48,3.875,4.5,2.125,1,0.5,0.75,1.375,3.375,3.25,3.28571428571429,1.95758928571429,2.49365079365079,2.91071428571429
405,4,0,1,1,4.4,2.4,4.5,3.5,4.07142857142857,3.92857142857143,0.615384615384615,4.14285714285714,1.14285714285714,1,3,3.5,3,3,1.57142857142857,2.125,2.31578947368421,3,2.28571428571429,4.33333333333333,4.5,3.5,4.5,3,2,5,2.5,3,3,3,5,3,6,2,7,0,3,3.33333333333333,0.333333333333333,36,13,32,2.375,3.75,1.25,1,1.25,1.25,1.25,2,1.625,1.625,1.40625,3.16666666666667,1.92410714285714
406,4,0,2,1,3,2.4,2.66666666666667,3.625,3.07738095238095,3.21428571428571,0.615384615384615,3.14285714285714,1,1.58333333333333,1.2,3.33333333333333,3.71428571428571,3.14285714285714,1.57142857142857,1.875,2.31578947368421,2.5,1.57142857142857,4.5,5.75,5.16666666666667,3.66666666666667,5,3.5,4.5,1.5,5,0,0,14,3,8,12,16,2,3.33333333333333,2.66666666666667,-0.666666666666667,43,23,39,3.25,4.25,1.25,0.5,1.75,1.375,2.125,3.375,2,2.57142857142857,1.86830357142857,2.55873015873016,2.1860119047619
407,4,0,1,1,4,3,4.33333333333333,3.5,3.97619047619048,3.85714285714286,0.0769230769230769,3.42857142857143,1.66666666666667,1.41666666666667,2.25,1.8,2.42857142857143,3.14285714285714,1.42857142857143,1.375,1.90909090909091,2.75,1.57142857142857,4.5,4,2.83333333333333,3.5,4,2.5,3,2,4,5,4,4,1,8,7,8,7,2,3.66666666666667,1.66666666666667,32,17,42,2.1875,3.6875,2.5,1.375,1.375,1.75,2.125,2.75,2.875,2.625,2.171875,2.39761904761905,1.66220238095238
408,4,0,2,1,4.8,2.4,4.83333333333333,3.5,4.26190476190476,4.07142857142857,0.538461538461539,4,1,1,2.8,2.33333333333333,2.28571428571429,2.42857142857143,0.857142857142857,2.375,1.92982456140351,1.75,1.42857142857143,5.16666666666667,4.5,1,1.66666666666667,3,4.5,5,2.5,4,1,1,1,0,3,5,3,0,3.5,3.66666666666667,0.166666666666667,29,,38,3.4375,4.625,2.375,1,0.5,1.375,1.625,2,2.125,2.125,1.640625,2.52063492063492,1.62946428571429
409,4,1,2,1,4.6,2.6,5,3.75,4.46428571428571,4.28571428571429,0.461538461538461,2.85714285714286,1,2.08333333333333,1.6,3,3.14285714285714,4,0.428571428571429,1.5,2.21052631578947,2.75,1.28571428571429,6.83333333333333,3.75,4.66666666666667,1.16666666666667,3.5,4.5,4.5,4,4.5,0,1,3,1,15,14,12,4,4.66666666666667,3.66666666666667,-1,45,33,46,3,4.75,2.875,1.375,0.625,1.25,2.25,3.625,3.375,2.875,2.28125,2.86666666666667,1.78869047619048
410,4,0,2,1,4.2,4,4.16666666666667,3.125,3.7202380952381,3.57142857142857,0.307692307692308,3.85714285714286,1.42857142857143,1.58333333333333,3,2.66666666666667,2.14285714285714,2.71428571428571,1,1.625,2.03508771929825,2.625,1.71428571428571,5.33333333333333,2,2.66666666666667,3.83333333333333,4,4,3.5,2,4,1,0,0,3,6,5,3,1,2.66666666666667,4.33333333333333,1.66666666666667,35,18,44,2.6875,4.0625,2.125,0.75,0.5,0.875,0.625,1.875,2.75,3,1.5625,2.79365079365079,1.58779761904762
411,4,0,2,2,3.8,3,4.5,3.25,3.96428571428571,3.78571428571429,0.692307692307692,3.57142857142857,1.28571428571429,0.333333333333333,3.6,3.16666666666667,1.57142857142857,3,0.428571428571429,0.875,1.68421052631579,1.5,1.57142857142857,6,3.25,4.16666666666667,1.66666666666667,3,4,4,2,3,0,0,3,2,4,6,9,2,2.33333333333333,4.66666666666667,2.33333333333333,32,18,42,2.1875,3.9375,2.875,1.125,0.75,1.125,1.5,2.375,3.28571428571429,3.375,2.05133928571429,3.25555555555556,0.802083333333333
412,4,0,2,2,4,3.6,4.33333333333333,3,3.76190476190476,3.57142857142857,0.461538461538461,3.14285714285714,1,3,3,3.66666666666667,2.71428571428571,3.14285714285714,3.28571428571429,3.375,3.19298245614035,2.5,2.42857142857143,4.83333333333333,3.25,3,5,4,3,4,4,4.5,6,,4,2,9,8,10,9,2,5,3,45,27,51,3.625,4.125,2.75,2.625,1.125,2.875,3,3.375,3.125,3.5,2.796875,3.26984126984127,3.09375
413,4,0,1,2,3.6,2.6,4,3.5,3.78571428571429,3.71428571428571,0.0769230769230769,3.28571428571429,1.42857142857143,3,1.8,3.16666666666667,3.57142857142857,3,2.57142857142857,3.375,2.91228070175439,3.5,3.85714285714286,3,4.75,4.16666666666667,2.33333333333333,2,1.5,5,4.5,3.5,6,7,7,11,10,8,14,2,5,2,-3,45,32,33,2.5625,4.125,2.5,1.875,2.75,3,2.625,2.875,1.25,1.875,2.34375,2.65555555555556,3.12946428571429
414,4,0,1,1,4,3.6,3.5,3.5,3.5,3.5,0.0769230769230769,3.28571428571429,2.57142857142857,3.5,3.6,3.66666666666667,2,4.57142857142857,2.85714285714286,3.25,3.31578947368421,3.375,3.85714285714286,4.83333333333333,1.33333333333333,3.16666666666667,4.66666666666667,4.5,1.5,2,4,3,11,5,1,0,4,3,8,12,3.33333333333333,3.66666666666667,0.333333333333333,37,21,48,3.125,3.4375,2.875,1.625,0.875,1.375,1.875,2.625,2.875,3,2.140625,3.94603174603175,2.90178571428571
415,4,0,2,1,3.4,3,4.16666666666667,3.5,3.88095238095238,3.78571428571429,0.461538461538461,3.57142857142857,1.42857142857143,2,1.6,3.33333333333333,3.28571428571429,2,2.42857142857143,2.125,2.35087719298246,4,2,4.66666666666667,5.5,2.5,5.66666666666667,2,4.5,2.5,2.5,3.5,3,4,7,5,6,5,10,3,4.33333333333333,1.33333333333333,-3,45,24,32,1.9375,3.375,2.375,1,1.625,1.625,1.875,2.875,2.375,2.375,2.015625,2.31111111111111,2.45982142857143
417,4,0,1,2,3,2.8,4,3.375,3.73214285714286,3.64285714285714,0.538461538461539,2.42857142857143,2.14285714285714,3.58333333333333,1.6,2,2.42857142857143,3.14285714285714,1.42857142857143,2.875,2.57894736842105,3.25,3.14285714285714,5,3.25,3.33333333333333,5.66666666666667,4.5,4,2.5,3.5,2.5,4,5,4,4,5,6,8,6,4.33333333333333,2.66666666666667,-1.66666666666667,45,34,46,3.125,4,1.875,1.5,1.375,2.5,2.5,3.375,2.875,3.25,2.40625,2.24761904761905,2.57886904761905
418,4,1,2,2,2.8,3,3.66666666666667,2.25,3.05952380952381,2.85714285714286,0.230769230769231,2.42857142857143,1,2.66666666666667,1.2,1.5,3.14285714285714,1.71428571428571,2,2.125,2.10526315789474,3.125,1.71428571428571,4,3.75,3.83333333333333,4.5,1,4,2.5,4,4.5,1,0,7,8,6,5,2,2,4,3.33333333333333,-0.666666666666667,33,36,39,2.75,3.6875,1.75,0.625,0,1.125,0.75,1.625,1.75,1.75,1.171875,1.47142857142857,2.48363095238095
419,4,0,1,4,5,1.8,4.33333333333333,3.375,3.92261904761905,3.78571428571429,0.384615384615385,4.14285714285714,1.71428571428571,0.916666666666667,3.8,3.5,2.42857142857143,3.71428571428571,1,1.5,2.2280701754386,1.75,2.57142857142857,5.66666666666667,4,4.66666666666667,2,3,4.5,4,3.5,2.5,1,0,2,3,3,3,5,1,3,4,1,31,16,37,2.5625,4.3125,2.25,1.25,0.5,0.75,1.125,2.125,2.125,3.375,1.6875,3.67142857142857,1.46130952380952
420,4,0,2,1,2.6,3.6,4.16666666666667,3.625,3.93452380952381,3.85714285714286,0.230769230769231,3.85714285714286,1,2.91666666666667,2,3.66666666666667,3.28571428571429,3.42857142857143,1.42857142857143,3.25,2.89473684210526,2,2.71428571428571,5.5,3.5,4,4,3,4,4.5,3,4.5,5,0,1,2,6,3,3,4,2,5,3,35,23,39,3.5,4.0625,2.625,1.125,0.375,1.5,1.5,2.25,2.75,2.5,1.828125,3.03174603174603,2.7202380952381
421,4,0,2,2,3.4,3,3.5,2.625,3.125,3,0.461538461538461,3.42857142857143,2.71428571428571,1.72727272727273,1,3,2.85714285714286,2,1.42857142857143,2.75,2.07142857142857,2.75,2.85714285714286,6,4,3.33333333333333,4,2.5,4,4,3.5,5,4,5,5,5,7,8,7,3,4.66666666666667,2.33333333333333,-2.33333333333333,34,29,37,3.5625,3.625,2.125,1.875,1.25,1.875,2.125,2.5,2.25,2,2,2,2.19074675324675
422,4,0,2,4,4,2.2,4.5,4.125,4.33928571428571,4.28571428571429,0.461538461538461,4.28571428571429,1.71428571428571,0.833333333333333,2,2.16666666666667,1,2.28571428571429,0.571428571428571,1.5,1.42105263157895,2.375,2.57142857142857,5,2.25,4.16666666666667,1.5,4.5,3.5,5,3.5,3,1,0,4,0,8,5,6,2,2.33333333333333,4,1.66666666666667,26,16,36,2,3.875,0.857142857142857,0.5,0,0.375,0.25,1.5,1.5,1.125,0.763392857142857,2.15079365079365,0.976190476190476
423,4,0,2,2,4.6,4,4.33333333333333,3.625,4.0297619047619,3.92857142857143,0.461538461538461,3.14285714285714,1.28571428571429,3.66666666666667,3.6,3.5,2.57142857142857,4.42857142857143,3.28571428571429,3.25,3.50877192982456,2.625,2.14285714285714,5.83333333333333,3.5,3.16666666666667,5.83333333333333,3.5,3,4,2.5,5,3,2,1,4,9,9,12,6,4,3.33333333333333,-0.666666666666667,45,23,47,3.4375,4.625,3,1.5,0.5,2,2.25,3.5,3.125,3.375,2.40625,3.84285714285714,3.19345238095238
424,4,1,2,1,3.6,2.6,4.5,2.625,3.69642857142857,3.42857142857143,0.307692307692308,4.42857142857143,1.85714285714286,2.5,0.6,3,3,3.28571428571429,3.14285714285714,3.125,2.68421052631579,3,2.42857142857143,5.33333333333333,2.75,1.83333333333333,2.16666666666667,2.5,3,4,3.5,3,6,3,2,3,6,8,10,8,1.66666666666667,3.66666666666667,2,40,34,46,3.3125,3.75,2.375,0.75,0.625,2.25,2.25,3.375,3.375,3.5,2.3125,2.2952380952381,2.94196428571429
425,4,0,2,2,4.4,4.2,4.83333333333333,3.75,4.36904761904762,4.21428571428571,0.692307692307692,3.42857142857143,1,3,3,4.5,2.85714285714286,4.28571428571429,1.71428571428571,3.25,3.2280701754386,3.125,1.57142857142857,5.33333333333333,2.25,3.33333333333333,3.66666666666667,3.5,3,4,3,3.5,3,3,8,5,7,10,8,3,4.33333333333333,3.66666666666667,-0.666666666666667,47,31,48,3,4,2,0.5,1.125,1.25,2.375,3.5,2.875,2.75,2.046875,3.92857142857143,2.70535714285714
426,4,0,1,1,4.2,4.4,4,3.75,3.89285714285714,3.85714285714286,0.384615384615385,2.14285714285714,1,3.83333333333333,3.4,3.83333333333333,4,4.85714285714286,2,3.125,3.57894736842105,2.875,3.57142857142857,5.33333333333333,1.75,2,3.16666666666667,4.5,3,2.5,3.5,5,3,1,1,0,13,6,11,11,5,2.66666666666667,-2.33333333333333,48,23,48,3.25,3.9375,1.875,2,1.5,2.375,2.625,3.375,3,2.875,2.453125,4.03015873015873,3.23958333333333
427,4,0,2,1,5,3,4.33333333333333,3.375,3.92261904761905,3.78571428571429,0.230769230769231,3.71428571428571,1.42857142857143,1.66666666666667,2.4,3.33333333333333,3.28571428571429,3.85714285714286,1.14285714285714,1.75,2.42105263157895,1.5,1.33333333333333,5,4.75,5.16666666666667,3.16666666666667,3.5,2.5,4,3,4.5,0,2,6,4,12,12,10,1,2.33333333333333,4,1.66666666666667,38,17,43,2.375,4.5,1.375,0.125,0.625,0.75,0.875,2.25,3,2.25,1.40625,3.1968253968254,1.96130952380952
428,4,0,1,2,3.4,2.4,4.5,3.875,4.23214285714286,4.14285714285714,0.923076923076923,4.14285714285714,1.28571428571429,0.333333333333333,3,2.16666666666667,0.857142857142857,2.42857142857143,0.857142857142857,0.5,1.29824561403509,1.125,2,4,4.5,3.66666666666667,1.16666666666667,3,3.5,5,1,4,0,0,1,0,3,3,2,0,1,5,4,14,15,30,2.0625,4.125,0.5,0.125,0.25,0.625,0.5,0.5,0.625,1,0.515625,2.53174603174603,0.636904761904762
429,4,0,1,1,3.6,3,4.33333333333333,3.25,3.86904761904762,3.71428571428571,0.307692307692308,3.85714285714286,1.85714285714286,2.41666666666667,1.4,3.33333333333333,2.28571428571429,4,1.57142857142857,3.625,2.68421052631579,3.125,3.5,4.16666666666667,4,2.83333333333333,3.16666666666667,2.5,3,4,4,3,5,4,4,7,11,3,5,2,3.66666666666667,3.33333333333333,-0.333333333333333,38,31,43,2.8125,3.625,2.125,1.375,0.75,1.25,1.71428571428571,2.125,2.125,1.14285714285714,1.57589285714286,2.91111111111111,2.47470238095238
430,4,0,1,1,4.4,2.6,3.83333333333333,3.25,3.58333333333333,3.5,0.846153846153846,3.57142857142857,1.42857142857143,1.08333333333333,2.8,2.66666666666667,2.71428571428571,3.85714285714286,1.85714285714286,1.375,2.24561403508772,2,1.57142857142857,4.83333333333333,4.25,3.83333333333333,2.16666666666667,2.5,4,4,2,4,0,2,5,5,4,5,4,3,2.33333333333333,3.66666666666667,1.33333333333333,35,24,32,2.4375,3.625,1.875,1,1,1.25,1.625,2.625,2.125,2.625,1.765625,3.10793650793651,1.75744047619048
431,4,0,1,1,4.8,2,3.66666666666667,3.625,3.64880952380952,3.64285714285714,0.384615384615385,4.28571428571429,1.42857142857143,1.66666666666667,3.4,3.5,1.71428571428571,3.57142857142857,0.714285714285714,2.875,2.3859649122807,1.75,3.85714285714286,5,5,3,3.16666666666667,4,4,3.5,3,4,7,3,1,1,3,5,2,11,2,4,2,36,15,38,2,3.6875,2.25,1,0.75,2.75,3.125,3.75,3,2.875,2.4375,3.49047619047619,1.74255952380952
432,4,0,2,3,4.8,2.4,4.83333333333333,4,4.47619047619048,4.35714285714286,0.692307692307692,4,1,1.41666666666667,2.2,3.33333333333333,2.42857142857143,4.42857142857143,0.428571428571429,1.625,2.21052631578947,1.625,1.42857142857143,4.33333333333333,2.25,1.16666666666667,1.83333333333333,4,4.5,5,3,4.5,1,0,2,0,9,6,6,2,3,4,1,43,13,44,1.625,4,2.125,1.25,0.625,0.75,1.5,2.375,3,3,1.828125,3.32063492063492,1.47470238095238
433,4,0,1,2,3.8,2.4,4.33333333333333,3.875,4.13690476190476,4.07142857142857,0.615384615384615,4,1.14285714285714,1,3.2,3.16666666666667,2.71428571428571,3.16666666666667,1.28571428571429,1.625,2.16071428571429,2.375,1.85714285714286,5.16666666666667,3.5,2.5,4.33333333333333,3.5,5,5,2.5,3.5,0,1,3,2,6,4,6,,3,3.66666666666667,0.666666666666667,37,19,39,2.8125,4.4375,2.375,1,0.75,2.125,1.375,2.125,2.125,2.375,1.78125,3.17777777777778,1.65625
434,4,0,2,2,4.2,4.2,4.66666666666667,2.5,3.73809523809524,3.42857142857143,0,3.42857142857143,1.66666666666667,3.66666666666667,2.6,3.16666666666667,3.85714285714286,3.42857142857143,1.71428571428571,5,3.31578947368421,2.75,2.57142857142857,6.66666666666667,4.5,1.83333333333333,6.83333333333333,3.5,3,4,4.5,3,0,4,3,6,3,5,5,2,5.33333333333333,3,-2.33333333333333,16,16,47,3.875,4,3.125,2.25,1.875,2.75,2.625,3.25,3.125,3.625,2.828125,3.06507936507936,3.55952380952381
435,4,0,1,2,2.2,2.6,4.33333333333333,2.875,3.70833333333333,3.5,0.307692307692308,4.14285714285714,1.14285714285714,1.25,3.2,2,1.57142857142857,1.57142857142857,1.28571428571429,1.625,1.71929824561404,2.125,1.28571428571429,5.16666666666667,2.25,2.16666666666667,3.5,5,4.5,4,2,4,1,0,0,1,6,2,2,6,2.66666666666667,4.33333333333333,1.66666666666667,34,17,43,2.625,3.9375,1.5,0.25,0,1.125,1.375,1.875,2.875,2.25,1.40625,2.25714285714286,1.43303571428571
436,4,0,2,1,2,3.2,4.83333333333333,3.875,4.42261904761905,4.28571428571429,0.769230769230769,2.14285714285714,1.42857142857143,1.08333333333333,1.6,3,1.85714285714286,1.85714285714286,0.857142857142857,0.25,1.3859649122807,2.625,2.28571428571429,4.16666666666667,2.5,2.83333333333333,5.6,3,5,5,4,2.5,4,1,2,4,12,11,13,2,4.33333333333333,4,-0.333333333333333,45,32,46,3.5625,4.53333333333333,1.75,1,1.375,1.75,1,3,3.25,3.125,2.03125,2.15238095238095,1.01190476190476
437,4,1,2,1,3,4.4,3.83333333333333,2.375,3.20833333333333,3,0.153846153846154,1.85714285714286,1,3.5,5,3.5,1.85714285714286,3.85714285714286,1.57142857142857,2.625,3,2.125,3.85714285714286,5.2,3.75,2.16666666666667,4.66666666666667,5,3.5,2.5,2.5,4.5,5,2,4,0,0,1,1,8,4.66666666666667,4,-0.666666666666667,20,22,36,2.875,3.6875,2.625,2,0.375,0.875,0.25,1.625,3.125,3.125,1.75,4.11904761904762,2.38839285714286
438,4,0,1,1,4.4,3.4,4.16666666666667,3.75,3.98809523809524,3.92857142857143,0.384615384615385,3.71428571428571,1.57142857142857,2.58333333333333,2.4,3.33333333333333,3.57142857142857,4,1.57142857142857,2,2.75438596491228,1.5,1.14285714285714,4.66666666666667,6,3.66666666666667,3.33333333333333,3,4.5,4.5,2,2.5,1,0,4,4,9,10,8,1,2.66666666666667,4.33333333333333,1.66666666666667,50,24,44,3.0625,4.125,1.375,0.5,0.25,1.5,2.25,3.375,2.625,2.625,1.8125,3.24444444444444,2.43154761904762
439,4,1,2,1,4,4.2,4.33333333333333,3.375,3.92261904761905,3.78571428571429,0.153846153846154,4.28571428571429,1.14285714285714,3.16666666666667,2.2,3.83333333333333,3.71428571428571,3.85714285714286,1.14285714285714,3.5,3.03508771929825,3.375,2.28571428571429,4.16666666666667,5.75,5.16666666666667,3.66666666666667,1.5,2.5,3.5,3,4.5,2,4,5,8,14,14,9,3,2.33333333333333,4.66666666666667,2.33333333333333,41,22,,2.4375,3.8125,2.75,1.375,0.75,1.875,2.375,3.125,3,2.75,2.25,3.2968253968254,2.88095238095238
440,4,0,2,1,3.6,4.2,4.5,3.625,4.125,4,0.461538461538461,2.57142857142857,1,3.16666666666667,1.4,2.66666666666667,1.85714285714286,3.14285714285714,0.571428571428571,1.125,2.08771929824561,1.875,2,5.16666666666667,2.75,2.33333333333333,4.5,3,5,3.5,4.5,4.5,1,2,0,4,10,9,10,0,3,3,0,45,24,42,3.25,4.375,1,0.125,0.125,0.625,2,2.375,1.5,2.125,1.234375,2.4031746031746,1.68005952380952
441,4,0,2,2,3.2,2,3.83333333333333,3.125,3.52976190476191,3.42857142857143,0.307692307692308,3.57142857142857,1.57142857142857,1.08333333333333,3.6,2,1.42857142857143,3.71428571428571,1.57142857142857,2.125,2.07017543859649,2.25,2.16666666666667,6.83333333333333,3,3.16666666666667,3.8,3,4,2,3.5,4.5,4,5,5,11,4,,4,3,4,3,-1,,20,31,1.9375,3.9375,2.5,0.571428571428571,0.5,1.25,1.375,1.83333333333333,2.25,2.625,1.61309523809524,3.1047619047619,1.55208333333333
442,4,0,2,1,4,2.6,3.83333333333333,2.875,3.42261904761905,3.28571428571429,0.307692307692308,4,1.28571428571429,0.0833333333333333,1.6,1.5,1.85714285714286,0.285714285714286,0,1.125,0.807017543859649,1,3.28571428571429,3.16666666666667,4,6.33333333333333,1.66666666666667,5,4.5,2.5,2,3.5,4,0,0,0,0,1,4,2,1.33333333333333,5.33333333333333,4,25,21,48,1.9375,4.1875,1.71428571428571,0.5,0.428571428571429,0.125,0.375,1.875,2.5,1.125,1.08035714285714,1.12857142857143,0.766369047619048
501,5,0,2,1,3.6,4.4,4.83333333333333,2.875,3.99404761904762,3.71428571428571,0.0769230769230769,3.14285714285714,1.14285714285714,3.58333333333333,2.2,4.66666666666667,3.85714285714286,4.85714285714286,2.28571428571429,3.875,3.68421052631579,3.5,4.14285714285714,5.83333333333333,4.75,3.5,3.66666666666667,3.5,3,5,3,4.5,2,2,3,3,12,9,9,1,5,3.66666666666667,-1.33333333333333,42,24,48,2.9375,4.125,2.875,1.125,1.5,3,2.25,3.375,3.125,3.375,2.578125,3.90793650793651,3.40029761904762
502,5,0,2,2,5,3,4.33333333333333,3.125,3.81547619047619,3.64285714285714,0.923076923076923,4.28571428571429,1.28571428571429,0.25,2,1.16666666666667,1.28571428571429,2.71428571428571,1.14285714285714,0.25,1.33333333333333,2.25,2.85714285714286,4.83333333333333,2.5,2.5,3.33333333333333,5,4,4,2,3.5,0,0,1,0,3,4,1,1,3.33333333333333,3.33333333333333,0,20,12,36,3.125,4.75,1.125,0.375,0.375,0.125,0.875,1.875,1.625,2.375,1.09375,1.96031746031746,0.732142857142857
503,5,0,1,2,3.2,4,4.16666666666667,3.25,3.77380952380952,3.64285714285714,0.153846153846154,2.57142857142857,1.14285714285714,4.33333333333333,3,4.16666666666667,3.57142857142857,4.57142857142857,1.14285714285714,3.125,3.36842105263158,3.25,2.57142857142857,2.5,4.5,2.66666666666667,5.83333333333333,3,1.5,3.5,2.5,5,6,8,9,13,12,9,10,3,2.33333333333333,3.66666666666667,1.33333333333333,50,33,36,2.6875,4.25,3,2,2.375,3,3.125,4,3.5,3,3,3.91269841269841,3.04315476190476
504,5,0,2,1,5,2.8,4.5,4,4.28571428571429,4.21428571428571,0.230769230769231,4.42857142857143,1.42857142857143,2.33333333333333,2.8,3,2.14285714285714,4,4.14285714285714,1.125,2.82456140350877,3.5,3.14285714285714,3.16666666666667,2.75,1,2.16666666666667,4.5,3,4.5,2,5,4,2,6,1,4,3,10,3,4,4.33333333333333,0.333333333333333,38,15,45,3.5625,3.3125,3.375,2.375,1.25,3.25,1.5,3.25,2.125,2.75,2.484375,3.26666666666667,2.43601190476191
505,5,0,1,1,3.8,2.2,4,3.125,3.625,3.5,0.615384615384615,3.28571428571429,1.14285714285714,0.916666666666667,2.4,2.83333333333333,2.14285714285714,2.85714285714286,0.714285714285714,0.625,1.70175438596491,2.25,1.28571428571429,5,3.5,2.5,3.16666666666667,3.5,3.5,3.5,2.5,3.5,1,1,2,2,6,4,6,,2.33333333333333,4,1.66666666666667,34,23,38,2.5,3.75,1.25,0.625,1.375,1,0.75,1.625,1.75,1.625,1.25,2.6968253968254,1.09970238095238
506,5,0,1,1,4.6,3.6,4,3.375,3.73214285714286,3.64285714285714,0.538461538461539,4,1,2.5,2.4,3.16666666666667,1.85714285714286,3.28571428571429,1.71428571428571,2.875,2.57894736842105,3,3.85714285714286,5.66666666666667,2,1.5,4.5,2.5,3.5,3,3.5,3.5,3,0,1,1,4,4,6,3,4.33333333333333,2.33333333333333,-2,36,25,42,3.1875,3.6875,2.125,1.125,1.25,1.5,1.75,2.5,2.375,2.25,1.859375,2.95079365079365,2.23660714285714
507,5,0,2,1,4,2.8,4.66666666666667,3.75,4.27380952380952,4.14285714285714,0.538461538461539,3,2.14285714285714,1.36363636363636,1.4,2.33333333333333,2.28571428571429,3.71428571428571,1.14285714285714,1.375,1.98214285714286,2.25,2,5.5,2.75,2.5,3.5,4,4,4,2.5,3,2,0,0,0,0,2,6,3,2.66666666666667,4,1.33333333333333,34,19,43,3.625,4.5,1.875,1,0.5,0.875,1.125,2.375,2.875,2.625,1.65625,2.48253968253968,1.54180194805195
508,5,0,2,1,5,3.6,4.5,4,4.28571428571429,4.21428571428571,0.538461538461539,3.85714285714286,1,1.66666666666667,2.6,3.5,2.71428571428571,4.42857142857143,1.42857142857143,2.25,2.56140350877193,2,1.71428571428571,5.16666666666667,3.25,4,3.83333333333333,4.5,4.5,4.5,2,2.5,2,0,6,0,4,3,9,2,2,4.33333333333333,2.33333333333333,34,18,35,2.5,4.5,1.75,0.25,1.25,1.75,1.625,2.875,3.125,2.71428571428571,1.91741071428571,3.50952380952381,2.01488095238095
509,5,0,2,3,3.8,3.2,4.5,3.125,3.91071428571429,3.71428571428571,0.384615384615385,3.57142857142857,1.42857142857143,1.5,2.2,3.16666666666667,0.857142857142857,2.42857142857143,1.14285714285714,2.25,1.89473684210526,2.375,1.85714285714286,6.83333333333333,1.75,1,3.33333333333333,3,4.5,4.5,1.5,2.5,1,0,0,1,6,9,12,6,1.66666666666667,5,3.33333333333333,37,21,46,3.5,4.53333333333333,2.375,1.125,0.375,1.5,2.25,3,2.875,2.625,2.015625,2.5984126984127,1.4375
510,5,0,2,1,2,2.2,3.83333333333333,2.5,3.26190476190476,3.07142857142857,0.615384615384615,3.57142857142857,1,0.916666666666667,1.2,3.33333333333333,0.857142857142857,0,0,1.125,1,1.75,1.42857142857143,4.83333333333333,3.25,1,1.33333333333333,2,2.5,4,2,1,1,0,0,1,7,5,5,0,2.66666666666667,4.66666666666667,2,30,32,44,2.8125,4.5625,1.875,0.375,0.5,0.75,1.25,2.5,2.25,2.57142857142857,1.50892857142857,1.51111111111111,0.724702380952381
511,5,0,2,1,2.8,2,3.5,2.5,3.07142857142857,2.92857142857143,0.461538461538461,3.57142857142857,1.16666666666667,2.33333333333333,1.8,2.33333333333333,1.85714285714286,1.57142857142857,0.142857142857143,1,1.57894736842105,2.375,1.28571428571429,5.33333333333333,3.25,2.66666666666667,4.16666666666667,2,3.5,4,2,2,3,2,4,7,9,9,6,0,5.66666666666667,1.66666666666667,-4,30,29,46,2.5,3.0625,2.125,1,0.375,2.125,2.125,3,3.125,2.875,2.09375,1.9015873015873,1.33333333333333
512,5,0,2,2,3,2.6,3.83333333333333,3.25,3.58333333333333,3.5,0.615384615384615,3.57142857142857,1,1.75,1.8,2.83333333333333,2.71428571428571,3.14285714285714,2,2.125,2.35087719298246,2,1.14285714285714,5.66666666666667,3,2.5,2.5,3.5,4.5,5,3.5,4.5,0,1,0,0,3,4,4,0,3,3.33333333333333,0.333333333333333,34,21,41,2.375,4.25,1.875,0.625,0.25,1.25,0.875,1.625,1.875,2,1.296875,2.59206349206349,2.14732142857143
513,5,0,1,1,5,3.2,4.16666666666667,3.375,3.82738095238095,3.71428571428571,0.692307692307692,3.71428571428571,1.71428571428571,1.33333333333333,3,4.16666666666667,2.85714285714286,3.71428571428571,1.71428571428571,2.625,2.63157894736842,2.375,1.85714285714286,5.16666666666667,4.25,2,3.83333333333333,3,3.5,4,3,2.5,2,6,3,6,6,5,7,3,3.66666666666667,3.66666666666667,0,30,13,43,2.1875,3.6875,3,1.625,1.25,2.25,2.125,3,3.125,3.14285714285714,2.43973214285714,3.62698412698413,2.13244047619048
514,5,0,2,2,3,4.2,4.33333333333333,3.75,4.08333333333333,4,0.538461538461539,2.85714285714286,1,2.75,2.8,3.66666666666667,3.14285714285714,3.42857142857143,1.42857142857143,2,2.70175438596491,3,2.71428571428571,4.66666666666667,5,2.66666666666667,4.83333333333333,4,4.5,3,4,4.5,1,2,1,5,10,10,9,5,2,5,3,39,29,46,3.0625,4.1875,2.25,1.125,0.5,1.375,1.75,2.625,2.125,2.375,1.765625,3.2984126984127,2.33035714285714
515,5,0,2,1,3.6,3,4.16666666666667,3.25,3.77380952380952,3.64285714285714,0.769230769230769,4,1.14285714285714,2.08333333333333,2.2,2.16666666666667,2.57142857142857,3.14285714285714,1.14285714285714,0.857142857142857,2.03571428571429,2.125,1.85714285714286,6.16666666666667,4.75,3.5,3.5,2,3.5,3.5,3.5,3,6,2,1,1,5,7,6,6,4.33333333333333,3.33333333333333,-1,40,24,43,3.5,4.5625,1.75,1,1.625,2.125,2.5,3,2.875,2.625,2.1875,2.5031746031746,1.66369047619048
516,5,0,2,1,3.8,3.4,4.16666666666667,3,3.66666666666667,3.5,0.384615384615385,4.28571428571429,1,1.16666666666667,3.6,3.16666666666667,2.42857142857143,2.85714285714286,0.428571428571429,3.5,2.29824561403509,2.125,1.85714285714286,6.83333333333333,1.5,2.5,3.83333333333333,3.5,4,4.5,3,5,2,0,1,0,6,5,5,3,4.66666666666667,3,-1.66666666666667,41,19,51,2.5625,4.1875,3,1.625,0.625,2.125,2.25,2.875,3.125,3.25,2.359375,3.20793650793651,1.88095238095238
517,5,0,2,1,4.2,2.4,4.83333333333333,3.375,4.20833333333333,4,0.230769230769231,4.14285714285714,1.71428571428571,1,3.2,3.16666666666667,3.57142857142857,3.83333333333333,0.857142857142857,2.125,2.33928571428571,3,2.28571428571429,6.83333333333333,2.5,2.66666666666667,3.66666666666667,4,4,3.5,1.5,5,1,3,4,0,4,4,4,1,3.33333333333333,4.66666666666667,1.33333333333333,37,19,48,2.8125,4.4375,1.375,0.375,0.375,0.875,0.625,2.125,1.75,3,1.3125,3.4,1.88839285714286
518,5,0,1,1,3.6,2.4,5,2.625,3.98214285714286,3.64285714285714,0.615384615384615,3.57142857142857,1.28571428571429,0.833333333333333,3.6,2.5,1.71428571428571,3.71428571428571,0.285714285714286,1.75,1.89473684210526,1.625,1.42857142857143,4.33333333333333,3.25,1,1.66666666666667,2.5,4,3,1,4,0,1,0,5,5,1,4,1,3.33333333333333,4,0.666666666666667,27,25,38,2.25,3.9375,1.375,0.75,0.625,0.75,1.375,2.5,2.125,2.375,1.484375,3.27142857142857,1.14583333333333
519,5,0,2,1,3.8,3,4.16666666666667,2.25,3.3452380952381,3.07142857142857,0.307692307692308,3.42857142857143,1.28571428571429,2.5,1.6,1.83333333333333,1.71428571428571,2.42857142857143,1.14285714285714,2.5,1.96491228070175,2.125,2.14285714285714,4.5,2.25,3.16666666666667,2.5,3.5,3,2.5,3.5,3.5,4,3,1,3,8,10,9,5,4.33333333333333,3.33333333333333,-1,41,36,42,3.3125,4.0625,2.125,1.875,1.5,2.125,2.25,2.75,2.875,2.875,2.296875,1.95396825396825,1.96428571428571
520,5,0,2,3,5,4.6,4,2.875,3.51785714285714,3.35714285714286,0.692307692307692,2,1.14285714285714,2.16666666666667,0.6,1.83333333333333,3.28571428571429,3.14285714285714,1,1.375,2.01754385964912,1.625,1,5.66666666666667,6,5.16666666666667,1,3,3,3,2,2,1,1,4,3,5,3,5,0,4,3,-1,23,20,27,3.375,4.625,1.25,0.5,0.625,1.875,1.25,1.625,1.75,1.625,1.3125,1.85873015873016,1.95684523809524
521,5,0,2,1,3,3.6,4.66666666666667,3.5,4.16666666666667,4,0.461538461538461,3.14285714285714,1,1.66666666666667,1.6,2.5,2.42857142857143,3.42857142857143,1.28571428571429,1.875,2.12280701754386,1.5,1.57142857142857,5.66666666666667,2.25,1,4.5,4,4,4,2.5,3,0,0,1,0,1,1,7,3,4.33333333333333,3,-1.33333333333333,29,27,39,2.8125,4.26666666666667,2,0.625,0.375,0.625,0.625,2.125,2.625,2.75,1.46875,2.50952380952381,1.8139880952381
524,5,0,2,1,5,4.4,5,4.25,4.67857142857143,4.57142857142857,0.615384615384615,4.14285714285714,1,3.08333333333333,2.6,4.5,4.14285714285714,4.71428571428571,0.571428571428571,1.125,2.91228070175439,2.625,1.14285714285714,5.33333333333333,5.5,5.33333333333333,1.66666666666667,3,4.5,5,3.5,4.5,1,0,6,8,7,6,7,0,4,3,-1,33,27,40,3.1875,4.4375,1.75,0.625,1.125,1.25,1.5,1.75,1.125,1.875,1.375,3.93809523809524,2.23065476190476
525,5,0,1,1,4.8,2.6,3.83333333333333,3.25,3.58333333333333,3.5,0.0769230769230769,3.71428571428571,2.14285714285714,1.33333333333333,3.6,3,2.28571428571429,2.42857142857143,1.57142857142857,2.375,2.24561403508772,1.625,1.57142857142857,5.16666666666667,3.75,3.5,2.5,5,3.5,3.5,2,2,3,1,0,4,6,3,5,5,4.33333333333333,2.33333333333333,-2,33,22,33,2.5,2.86666666666667,2.5,1.75,1,2,1.5,2.375,1.875,1.85714285714286,1.85714285714286,3.00952380952381,1.89136904761905
526,5,0,2,1,3,3.8,4.5,3,3.85714285714286,3.64285714285714,0.153846153846154,3.14285714285714,1.57142857142857,2.66666666666667,2.6,3,4,4.28571428571429,1.28571428571429,3.125,2.98245614035088,3.5,3.14285714285714,3.16666666666667,3.75,3.5,4.83333333333333,4.5,3.5,4.5,3.5,3.5,4,2,1,3,5,3,9,8,5,2,-3,32,21,46,3.125,4.5625,2.625,1.5,0.75,1.75,2,3.25,3.5,3.375,2.34375,3.2952380952381,2.76934523809524
527,5,0,2,1,3,3.8,4,3.375,3.73214285714286,3.64285714285714,0.230769230769231,3,2.71428571428571,3.16666666666667,2.4,4.16666666666667,4.42857142857143,3.28571428571429,3,3.375,3.3859649122807,3.25,2.57142857142857,6,6,5.83333333333333,4.33333333333333,2,3,3,3.5,2,0,3,9,5,8,5,6,0,4.66666666666667,3,-1.66666666666667,38,32,32,4,4.375,2.875,2.5,3,2.625,2.625,3,3,2.625,2.78125,3.28412698412698,3.49255952380952
528,5,0,1,1,5,2.8,4,3.25,3.67857142857143,3.57142857142857,0.307692307692308,4.14285714285714,2,1.91666666666667,4.2,2.33333333333333,1.71428571428571,4,0.142857142857143,3.25,2.43859649122807,3,3.71428571428571,5,1.25,2.16666666666667,1.66666666666667,4,3.5,3,3,3.5,4,1,0,0,0,1,2,2,1.33333333333333,5.66666666666667,4.33333333333333,27,12,44,2.5,3.875,2.875,1.75,1.375,1.625,2.125,2.5,3,3.375,2.328125,3.51111111111111,1.75595238095238
530,5,0,2,3,3.4,2.6,4.33333333333333,2.75,3.6547619047619,3.42857142857143,0.461538461538461,3.85714285714286,1,3.5,1.6,2.83333333333333,2.14285714285714,1.71428571428571,0.571428571428571,2.125,2.10526315789474,2.875,1.85714285714286,4,3.5,5.16666666666667,5,3,5,3.5,2,4.5,1,1,1,1,3,5,3,,3,4.66666666666667,1.66666666666667,25,27,43,2.75,3.5,1.875,0.75,0.75,1,1.875,3,2.75,2.875,1.859375,2.04920634920635,2.08482142857143
531,5,0,2,1,3,2.4,4,2.25,3.25,3,0.230769230769231,3.28571428571429,1.71428571428571,3.5,1.4,2.5,2.57142857142857,1.71428571428571,0.714285714285714,3.125,2.28070175438596,2.5,2.14285714285714,3.16666666666667,4.25,4.16666666666667,4.16666666666667,3.5,3.5,2.5,2,1.5,2,3,6,5,12,13,6,,4.33333333333333,1.66666666666667,-2.66666666666667,42,35,45,2.9375,3.125,1.875,0.875,1,2.25,1.75,3,3.25,2.75,2.09375,1.87142857142857,2.47767857142857
532,5,0,2,4,3.8,1.6,3.5,3,3.28571428571429,3.21428571428571,0.153846153846154,4.28571428571429,2.71428571428571,1.66666666666667,4.6,0.666666666666667,3,3.85714285714286,2.57142857142857,4.375,2.91228070175439,3.125,3.28571428571429,5,2.25,3.5,5.5,4,2,4,2,4,4,5,9,7,0,1,1,3,4.33333333333333,3,-1.33333333333333,19,11,38,2.75,3.75,2.75,2.375,1.375,1.5,1.875,2.625,2.75,2.875,2.265625,3.04126984126984,2.90327380952381
