id,day,negaff,pss,negaffcount,stress,bfi_n,stress_trait,bfi_n_c,stress_trait_c,stress_state
101,0,3,2.5,20,1.5,2,1.0625,-0.981578947,-0.333032581,0.4375
101,1,2.3,2.75,13,1.25,2,1.0625,-0.981578947,-0.333032581,0.1875
101,2,1,3.5,0,0.5,2,1.0625,-0.981578947,-0.333032581,-0.5625
101,3,1.3,3,3,1,2,1.0625,-0.981578947,-0.333032581,-0.0625
101,4,1.1,2.75,1,1.25,2,1.0625,-0.981578947,-0.333032581,0.1875
101,5,1,2.75,0,1.25,2,1.0625,-0.981578947,-0.333032581,0.1875
101,6,1.2,3.5,2,0.5,2,1.0625,-0.981578947,-0.333032581,-0.5625
101,7,1.1,2.75,1,1.25,2,1.0625,-0.981578947,-0.333032581,0.1875
102,0,1.4,3.5,4,0.5,2,0.78125,-0.981578947,-0.614282581,-0.28125
102,1,1.6,4,6,0,2,0.78125,-0.981578947,-0.614282581,-0.78125
102,2,2.6,4,16,0,2,0.78125,-0.981578947,-0.614282581,-0.78125
102,3,2.8,1.75,18,2.25,2,0.78125,-0.981578947,-0.614282581,1.46875
102,4,1.7,4,7,0,2,0.78125,-0.981578947,-0.614282581,-0.78125
102,5,2.65,3.75,16,0.25,2,0.78125,-0.981578947,-0.614282581,-0.53125
102,6,2.2,2.75,12,1.25,2,0.78125,-0.981578947,-0.614282581,0.46875
102,7,2.8,2,18,2,2,0.78125,-0.981578947,-0.614282581,1.21875
103,0,2.6,2.75,16,1.25,2.5,1.25,-0.481578947,-0.145532581,0
103,3,1.5,3,5,1,2.5,1.25,-0.481578947,-0.145532581,-0.25
103,4,1.6,2.75,6,1.25,2.5,1.25,-0.481578947,-0.145532581,0
103,5,1.5,3.25,5,0.75,2.5,1.25,-0.481578947,-0.145532581,-0.5
103,6,4.1,2,31,2,2.5,1.25,-0.481578947,-0.145532581,0.75
103,7,3.2,2.75,22,1.25,2.5,1.25,-0.481578947,-0.145532581,0
104,0,1.1,2.5,1,1.5,2.5,1.8125,-0.481578947,0.416967419,-0.3125
104,1,1.6,1.75,6,2.25,2.5,1.8125,-0.481578947,0.416967419,0.4375
104,2,1.4,2.25,4,1.75,2.5,1.8125,-0.481578947,0.416967419,-0.0625
104,3,1,2.5,0,1.5,2.5,1.8125,-0.481578947,0.416967419,-0.3125
104,4,1.7,1.75,7,2.25,2.5,1.8125,-0.481578947,0.416967419,0.4375
104,5,1.1,2.25,1,1.75,2.5,1.8125,-0.481578947,0.416967419,-0.0625
104,6,1.2,2.25,2,1.75,2.5,1.8125,-0.481578947,0.416967419,-0.0625
104,7,3.3,2.25,23,1.75,2.5,1.8125,-0.481578947,0.416967419,-0.0625
105,0,3.2,2.5,22,1.5,3.5,1.75,0.518421053,0.354467419,-0.25
105,1,2.8,2.5,18,1.5,3.5,1.75,0.518421053,0.354467419,-0.25
105,2,2.3,3,13,1,3.5,1.75,0.518421053,0.354467419,-0.75
105,3,2.8,2.75,18,1.25,3.5,1.75,0.518421053,0.354467419,-0.5
105,4,3.6,1.25,26,2.75,3.5,1.75,0.518421053,0.354467419,1
105,5,2.2,1.5,12,2.5,3.5,1.75,0.518421053,0.354467419,0.75
105,6,2,2.25,10,1.75,3.5,1.75,0.518421053,0.354467419,0
105,7,2,2.25,10,1.75,3.5,1.75,0.518421053,0.354467419,0
106,0,1.3,3.25,3,0.75,1.5,1.125,-1.481578947,-0.270532581,-0.375
106,1,1.9,3.25,9,0.75,1.5,1.125,-1.481578947,-0.270532581,-0.375
106,2,3.2,1.75,22,2.25,1.5,1.125,-1.481578947,-0.270532581,1.125
106,3,2.525,2.25,15,1.75,1.5,1.125,-1.481578947,-0.270532581,0.625
106,4,1.3,4,3,0,1.5,1.125,-1.481578947,-0.270532581,-1.125
106,5,2.05,2.5,10,1.5,1.5,1.125,-1.481578947,-0.270532581,0.375
106,6,2.7,2,17,2,1.5,1.125,-1.481578947,-0.270532581,0.875
106,7,1.6,4,6,0,1.5,1.125,-1.481578947,-0.270532581,-1.125
107,0,2.7,2.5,17,1.5,1.5,1.145833333,-1.481578947,-0.249699248,0.354166667
107,1,2.2,2.75,12,1.25,1.5,1.145833333,-1.481578947,-0.249699248,0.104166667
107,2,2.2,2.5,12,1.5,1.5,1.145833333,-1.481578947,-0.249699248,0.354166667
107,3,2.1,2.75,11,1.25,1.5,1.145833333,-1.481578947,-0.249699248,0.104166667
107,4,1.8,3,8,1,1.5,1.145833333,-1.481578947,-0.249699248,-0.145833333
107,5,1.3,3.333333333,3,0.666666667,1.5,1.145833333,-1.481578947,-0.249699248,-0.479166666
107,6,1.4,2.75,4,1.25,1.5,1.145833333,-1.481578947,-0.249699248,0.104166667
107,7,2.5,3.25,15,0.75,1.5,1.145833333,-1.481578947,-0.249699248,-0.395833333
108,0,5.3,2.5,43,1.5,4.5,2.4375,1.518421053,1.041967419,-0.9375
108,1,6.1,0,51,4,4.5,2.4375,1.518421053,1.041967419,1.5625
108,2,4.7,1.5,37,2.5,4.5,2.4375,1.518421053,1.041967419,0.0625
108,3,4.8,1.75,38,2.25,4.5,2.4375,1.518421053,1.041967419,-0.1875
108,4,4.5,1.75,35,2.25,4.5,2.4375,1.518421053,1.041967419,-0.1875
108,5,5.8,1.25,48,2.75,4.5,2.4375,1.518421053,1.041967419,0.3125
108,6,4.7,2,37,2,4.5,2.4375,1.518421053,1.041967419,-0.4375
108,7,4.8,1.75,38,2.25,4.5,2.4375,1.518421053,1.041967419,-0.1875
109,0,2.1,3,11,1,4,1.541666667,1.018421053,0.146134085,-0.541666667
109,1,1.5,2.75,5,1.25,4,1.541666667,1.018421053,0.146134085,-0.291666667
109,3,1.6,3,6,1,4,1.541666667,1.018421053,0.146134085,-0.541666667
109,4,3,1.75,20,2.25,4,1.541666667,1.018421053,0.146134085,0.708333333
109,5,3.3,1.5,23,2.5,4,1.541666667,1.018421053,0.146134085,0.958333333
109,6,2.1,2.75,11,1.25,4,1.541666667,1.018421053,0.146134085,-0.291666667
109,7,2,NA,10,NA,4,1.541666667,1.018421053,0.146134085,NA
110,0,2,3,10,1,3.5,1.125,0.518421053,-0.270532581,-0.125
110,1,1.6,3.75,6,0.25,3.5,1.125,0.518421053,-0.270532581,-0.875
110,2,1.8,2.25,8,1.75,3.5,1.125,0.518421053,-0.270532581,0.625
110,3,2.2,1.75,12,2.25,3.5,1.125,0.518421053,-0.270532581,1.125
110,4,1.7,3.25,7,0.75,3.5,1.125,0.518421053,-0.270532581,-0.375
110,5,1.8,3.25,8,0.75,3.5,1.125,0.518421053,-0.270532581,-0.375
110,6,1.6,3.5,6,0.5,3.5,1.125,0.518421053,-0.270532581,-0.625
110,7,3.6,2.25,26,1.75,3.5,1.125,0.518421053,-0.270532581,0.625
111,0,2.2,2.25,12,1.75,3.5,1.90625,0.518421053,0.510717419,-0.15625
111,1,3.6,2.5,26,1.5,3.5,1.90625,0.518421053,0.510717419,-0.40625
111,2,3.133333333,2,21,2,3.5,1.90625,0.518421053,0.510717419,0.09375
111,3,3,1.75,20,2.25,3.5,1.90625,0.518421053,0.510717419,0.34375
111,4,3.7,2.25,27,1.75,3.5,1.90625,0.518421053,0.510717419,-0.15625
111,5,3.7,2,27,2,3.5,1.90625,0.518421053,0.510717419,0.09375
111,6,3,1.75,20,2.25,3.5,1.90625,0.518421053,0.510717419,0.34375
111,7,3.1,2.25,21,1.75,3.5,1.90625,0.518421053,0.510717419,-0.15625
112,0,1.9,2.75,9,1.25,2,0.71875,-0.981578947,-0.676782581,0.53125
112,1,2,3.5,10,0.5,2,0.71875,-0.981578947,-0.676782581,-0.21875
112,2,2.4,3.25,14,0.75,2,0.71875,-0.981578947,-0.676782581,0.03125
112,3,1.5,3.5,5,0.5,2,0.71875,-0.981578947,-0.676782581,-0.21875
112,4,1.2,3.25,2,0.75,2,0.71875,-0.981578947,-0.676782581,0.03125
112,5,1.2,3.25,2,0.75,2,0.71875,-0.981578947,-0.676782581,0.03125
112,6,1.5,3.25,5,0.75,2,0.71875,-0.981578947,-0.676782581,0.03125
112,7,1,3.5,0,0.5,2,0.71875,-0.981578947,-0.676782581,-0.21875
113,0,1.6,3.5,6,0.5,2.5,0.1875,-0.481578947,-1.208032581,0.3125
113,1,1.3,4,3,0,2.5,0.1875,-0.481578947,-1.208032581,-0.1875
113,2,1,4,0,0,2.5,0.1875,-0.481578947,-1.208032581,-0.1875
113,3,1.2,4,2,0,2.5,0.1875,-0.481578947,-1.208032581,-0.1875
113,4,1.6,4,6,0,2.5,0.1875,-0.481578947,-1.208032581,-0.1875
113,5,1.6,3,6,1,2.5,0.1875,-0.481578947,-1.208032581,0.8125
113,6,1.4,4,4,0,2.5,0.1875,-0.481578947,-1.208032581,-0.1875
113,7,1.1,4,1,0,2.5,0.1875,-0.481578947,-1.208032581,-0.1875
114,0,5.1,0.75,41,3.25,3,1.208333333,0.018421053,-0.187199248,2.041666667
114,2,1.8,3.75,8,0.25,3,1.208333333,0.018421053,-0.187199248,-0.958333333
114,3,2,3.5,10,0.5,3,1.208333333,0.018421053,-0.187199248,-0.708333333
114,4,3.2,2.5,22,1.5,3,1.208333333,0.018421053,-0.187199248,0.291666667
114,5,1.7,2.5,7,1.5,3,1.208333333,0.018421053,-0.187199248,0.291666667
114,7,1.2,3.75,2,0.25,3,1.208333333,0.018421053,-0.187199248,-0.958333333
115,0,4.6,3,36,1,4,1,1.018421053,-0.395532581,0
116,0,2.1,1.75,11,2.25,3,1.375,0.018421053,-0.020532581,0.875
116,2,1.4,3,4,1,3,1.375,0.018421053,-0.020532581,-0.375
116,3,1.4,3,4,1,3,1.375,0.018421053,-0.020532581,-0.375
116,4,1.8,2.75,8,1.25,3,1.375,0.018421053,-0.020532581,-0.125
117,0,2.4,2.5,14,1.5,2.5,1.625,-0.481578947,0.229467419,-0.125
117,1,1.9,2.25,9,1.75,2.5,1.625,-0.481578947,0.229467419,0.125
117,2,2.3,2.75,13,1.25,2.5,1.625,-0.481578947,0.229467419,-0.375
117,3,1.9,2.5,9,1.5,2.5,1.625,-0.481578947,0.229467419,-0.125
117,4,2.2,2.25,12,1.75,2.5,1.625,-0.481578947,0.229467419,0.125
117,5,2.2,2.75,12,1.25,2.5,1.625,-0.481578947,0.229467419,-0.375
117,6,1.8,2,8,2,2.5,1.625,-0.481578947,0.229467419,0.375
117,7,3.5,2,25,2,2.5,1.625,-0.481578947,0.229467419,0.375
118,0,3.2,2.25,22,1.75,3,1.714285714,0.018421053,0.318753133,0.035714286
118,2,1.8,2.25,8,1.75,3,1.714285714,0.018421053,0.318753133,0.035714286
118,3,1.9,2.5,9,1.5,3,1.714285714,0.018421053,0.318753133,-0.214285714
118,4,1.5,2.25,5,1.75,3,1.714285714,0.018421053,0.318753133,0.035714286
118,5,2.5,1.5,15,2.5,3,1.714285714,0.018421053,0.318753133,0.785714286
118,6,2.2,2.5,12,1.5,3,1.714285714,0.018421053,0.318753133,-0.214285714
118,7,1.7,2.75,7,1.25,3,1.714285714,0.018421053,0.318753133,-0.464285714
119,0,3.7,2,27,2,2,0.9375,-0.981578947,-0.458032581,1.0625
119,1,1,3.5,0,0.5,2,0.9375,-0.981578947,-0.458032581,-0.4375
119,2,1.2,2.5,2,1.5,2,0.9375,-0.981578947,-0.458032581,0.5625
119,3,1.5,3.5,5,0.5,2,0.9375,-0.981578947,-0.458032581,-0.4375
119,4,1.4,3,4,1,2,0.9375,-0.981578947,-0.458032581,0.0625
119,5,1,3.5,0,0.5,2,0.9375,-0.981578947,-0.458032581,-0.4375
119,6,1,3.5,0,0.5,2,0.9375,-0.981578947,-0.458032581,-0.4375
119,7,1.6,3,6,1,2,0.9375,-0.981578947,-0.458032581,0.0625
120,0,3.6,2.25,26,1.75,4,1.214285714,1.018421053,-0.181246867,0.535714286
120,1,3.3,2.5,23,1.5,4,1.214285714,1.018421053,-0.181246867,0.285714286
120,2,1.9,3,9,1,4,1.214285714,1.018421053,-0.181246867,-0.214285714
120,3,NA,3,NA,1,4,1.214285714,1.018421053,-0.181246867,-0.214285714
120,4,2.7,3,17,1,4,1.214285714,1.018421053,-0.181246867,-0.214285714
120,5,1.9,3.25,9,0.75,4,1.214285714,1.018421053,-0.181246867,-0.464285714
120,6,3,NA,20,NA,4,1.214285714,1.018421053,-0.181246867,NA
120,7,2,2.5,10,1.5,4,1.214285714,1.018421053,-0.181246867,0.285714286
121,0,2.2,2.5,12,1.5,1.5,1.285714286,-1.481578947,-0.109818296,0.214285714
121,1,2.2,2.75,12,1.25,1.5,1.285714286,-1.481578947,-0.109818296,-0.035714286
121,2,1.5,3,5,1,1.5,1.285714286,-1.481578947,-0.109818296,-0.285714286
121,3,1.8,2.75,8,1.25,1.5,1.285714286,-1.481578947,-0.109818296,-0.035714286
121,4,1.4,NA,4,NA,1.5,1.285714286,-1.481578947,-0.109818296,NA
121,5,1.7,2.25,7,1.75,1.5,1.285714286,-1.481578947,-0.109818296,0.464285714
121,6,1.8,2.75,8,1.25,1.5,1.285714286,-1.481578947,-0.109818296,-0.035714286
121,7,1.6,3,6,1,1.5,1.285714286,-1.481578947,-0.109818296,-0.285714286
122,0,3.4,1.75,24,2.25,4,1.964285714,1.018421053,0.568753133,0.285714286
122,1,4,2,30,2,4,1.964285714,1.018421053,0.568753133,0.035714286
122,2,3.5,2,25,2,4,1.964285714,1.018421053,0.568753133,0.035714286
122,3,4,2,30,2,4,1.964285714,1.018421053,0.568753133,0.035714286
122,4,3.3,2,23,2,4,1.964285714,1.018421053,0.568753133,0.035714286
122,5,3.6,2,26,2,4,1.964285714,1.018421053,0.568753133,0.035714286
122,6,3.5,2.5,25,1.5,4,1.964285714,1.018421053,0.568753133,-0.464285714
123,0,3.6,1.75,26,2.25,4.5,1.375,1.518421053,-0.020532581,0.875
123,1,4,2,30,2,4.5,1.375,1.518421053,-0.020532581,0.625
123,2,2,3.25,10,0.75,4.5,1.375,1.518421053,-0.020532581,-0.625
123,3,3.1,2.75,21,1.25,4.5,1.375,1.518421053,-0.020532581,-0.125
123,4,3.1,2.25,21,1.75,4.5,1.375,1.518421053,-0.020532581,0.375
123,5,3,3,20,1,4.5,1.375,1.518421053,-0.020532581,-0.375
123,6,2.6,3.5,16,0.5,4.5,1.375,1.518421053,-0.020532581,-0.875
123,7,5,2.5,40,1.5,4.5,1.375,1.518421053,-0.020532581,0.125
124,0,5,1.5,40,2.5,4,1.8,1.018421053,0.404467419,0.7
124,2,2.5,3,15,1,4,1.8,1.018421053,0.404467419,-0.8
124,3,2.7,2.75,17,1.25,4,1.8,1.018421053,0.404467419,-0.55
124,4,5.2,1.5,42,2.5,4,1.8,1.018421053,0.404467419,0.7
124,5,3.8,2.25,28,1.75,4,1.8,1.018421053,0.404467419,-0.05
125,0,4.8,1.75,38,2.25,3.5,2.1875,0.518421053,0.791967419,0.0625
125,1,5.1,1,41,3,3.5,2.1875,0.518421053,0.791967419,0.8125
125,2,3.5,2.25,25,1.75,3.5,2.1875,0.518421053,0.791967419,-0.4375
125,3,3.8,2,28,2,3.5,2.1875,0.518421053,0.791967419,-0.1875
125,4,3.8,2,28,2,3.5,2.1875,0.518421053,0.791967419,-0.1875
125,5,3.4,2.25,24,1.75,3.5,2.1875,0.518421053,0.791967419,-0.4375
125,6,2.6,1.5,16,2.5,3.5,2.1875,0.518421053,0.791967419,0.3125
125,7,2.3,1.75,13,2.25,3.5,2.1875,0.518421053,0.791967419,0.0625
126,0,3.3,2.25,23,1.75,3.5,1.535714286,0.518421053,0.140181704,0.214285714
126,1,3.2,3,22,1,3.5,1.535714286,0.518421053,0.140181704,-0.535714286
126,2,2.2,3.25,12,0.75,3.5,1.535714286,0.518421053,0.140181704,-0.785714286
126,3,2.2,3,12,1,3.5,1.535714286,0.518421053,0.140181704,-0.535714286
126,4,4.3,1.5,33,2.5,3.5,1.535714286,0.518421053,0.140181704,0.964285714
126,6,2.2,2.25,12,1.75,3.5,1.535714286,0.518421053,0.140181704,0.214285714
126,7,2.2,2,12,2,3.5,1.535714286,0.518421053,0.140181704,0.464285714
127,0,3.3,1.75,23,2.25,2,1.75,-0.981578947,0.354467419,0.5
127,1,2.4,3,14,1,2,1.75,-0.981578947,0.354467419,-0.75
127,2,1.8,2.25,8,1.75,2,1.75,-0.981578947,0.354467419,0
127,3,2,2.25,10,1.75,2,1.75,-0.981578947,0.354467419,0
127,4,2.8,1.75,18,2.25,2,1.75,-0.981578947,0.354467419,0.5
127,7,1.2,2.5,2,1.5,2,1.75,-0.981578947,0.354467419,-0.25
128,0,4.4,1.25,34,2.75,4.5,2.25,1.518421053,0.854467419,0.5
128,1,3.2,2.25,22,1.75,4.5,2.25,1.518421053,0.854467419,-0.5
129,0,2,2.25,10,1.75,3,1.071428571,0.018421053,-0.32410401,0.678571429
129,1,1.8,3,8,1,3,1.071428571,0.018421053,-0.32410401,-0.071428571
129,2,1.8,3,8,1,3,1.071428571,0.018421053,-0.32410401,-0.071428571
129,3,2.6,2.75,16,1.25,3,1.071428571,0.018421053,-0.32410401,0.178571429
129,4,2.6,3,16,1,3,1.071428571,0.018421053,-0.32410401,-0.071428571
129,5,1.9,3.25,9,0.75,3,1.071428571,0.018421053,-0.32410401,-0.321428571
129,6,1.6,3.25,6,0.75,3,1.071428571,0.018421053,-0.32410401,-0.321428571
130,0,3.1,2.75,21,1.25,3.5,1.03125,0.518421053,-0.364282581,0.21875
130,1,3.3,2.25,23,1.75,3.5,1.03125,0.518421053,-0.364282581,0.71875
130,2,2,3.5,10,0.5,3.5,1.03125,0.518421053,-0.364282581,-0.53125
130,3,2.4,3.5,14,0.5,3.5,1.03125,0.518421053,-0.364282581,-0.53125
130,4,2,3.5,10,0.5,3.5,1.03125,0.518421053,-0.364282581,-0.53125
130,5,2.2,3,12,1,3.5,1.03125,0.518421053,-0.364282581,-0.03125
130,6,3.3,2.25,23,1.75,3.5,1.03125,0.518421053,-0.364282581,0.71875
130,7,2.3,3,13,1,3.5,1.03125,0.518421053,-0.364282581,-0.03125
201,0,2.3,2.5,13,1.5,2,1.78125,-0.981578947,0.385717419,-0.28125
201,1,1.4,2.75,4,1.25,2,1.78125,-0.981578947,0.385717419,-0.53125
201,2,1.5,2.25,5,1.75,2,1.78125,-0.981578947,0.385717419,-0.03125
201,3,3,2.25,20,1.75,2,1.78125,-0.981578947,0.385717419,-0.03125
201,4,2.6,2,16,2,2,1.78125,-0.981578947,0.385717419,0.21875
201,5,2.4,2.25,14,1.75,2,1.78125,-0.981578947,0.385717419,-0.03125
201,6,2.9,1.75,19,2.25,2,1.78125,-0.981578947,0.385717419,0.46875
201,7,2.3,2,13,2,2,1.78125,-0.981578947,0.385717419,0.21875
202,0,3.1,2.25,21,1.75,4,0.71875,1.018421053,-0.676782581,1.03125
202,1,3.3,3.5,23,0.5,4,0.71875,1.018421053,-0.676782581,-0.21875
202,2,1.9,3.5,9,0.5,4,0.71875,1.018421053,-0.676782581,-0.21875
202,3,2.2,3.5,12,0.5,4,0.71875,1.018421053,-0.676782581,-0.21875
202,4,1.9,3.5,9,0.5,4,0.71875,1.018421053,-0.676782581,-0.21875
202,5,2.2,3.5,12,0.5,4,0.71875,1.018421053,-0.676782581,-0.21875
202,6,2.4,3,14,1,4,0.71875,1.018421053,-0.676782581,0.28125
202,7,2.5,3.5,15,0.5,4,0.71875,1.018421053,-0.676782581,-0.21875
203,0,1.2,3.25,2,0.75,2,1.375,-0.981578947,-0.020532581,-0.625
203,1,1.1,3.5,1,0.5,2,1.375,-0.981578947,-0.020532581,-0.875
203,2,1.1,2.5,1,1.5,2,1.375,-0.981578947,-0.020532581,0.125
203,3,1.1,3.25,1,0.75,2,1.375,-0.981578947,-0.020532581,-0.625
203,4,1.6,2.25,6,1.75,2,1.375,-0.981578947,-0.020532581,0.375
203,5,3.6,1,26,3,2,1.375,-0.981578947,-0.020532581,1.625
203,6,1.3,2.75,3,1.25,2,1.375,-0.981578947,-0.020532581,-0.125
203,7,1,2.5,0,1.5,2,1.375,-0.981578947,-0.020532581,0.125
204,0,3.6,2,26,2,2.5,1.75,-0.481578947,0.354467419,0.25
204,1,3,2.5,20,1.5,2.5,1.75,-0.481578947,0.354467419,-0.25
204,2,3.2,2,22,2,2.5,1.75,-0.481578947,0.354467419,0.25
204,3,5.6,0.25,46,3.75,2.5,1.75,-0.481578947,0.354467419,2
204,4,2.8,3.5,18,0.5,2.5,1.75,-0.481578947,0.354467419,-1.25
204,5,1.9,2.75,9,1.25,2.5,1.75,-0.481578947,0.354467419,-0.5
204,6,3.1,2.75,21,1.25,2.5,1.75,-0.481578947,0.354467419,-0.5
204,7,3.9,2.25,29,1.75,2.5,1.75,-0.481578947,0.354467419,0
205,0,3.3,3,23,1,2.5,1.65625,-0.481578947,0.260717419,-0.65625
205,1,3,2.25,20,1.75,2.5,1.65625,-0.481578947,0.260717419,0.09375
205,2,3.6,2,26,2,2.5,1.65625,-0.481578947,0.260717419,0.34375
205,3,3.6,2.25,26,1.75,2.5,1.65625,-0.481578947,0.260717419,0.09375
205,4,4.2,2.25,32,1.75,2.5,1.65625,-0.481578947,0.260717419,0.09375
205,5,2.5,2.5,15,1.5,2.5,1.65625,-0.481578947,0.260717419,-0.15625
205,6,4.2,1.75,32,2.25,2.5,1.65625,-0.481578947,0.260717419,0.59375
205,7,3.1,2.75,21,1.25,2.5,1.65625,-0.481578947,0.260717419,-0.40625
206,0,2.5,2,15,2,3,1.1875,0.018421053,-0.208032581,0.8125
206,1,2.3,2,13,2,3,1.1875,0.018421053,-0.208032581,0.8125
206,2,3.1,3,21,1,3,1.1875,0.018421053,-0.208032581,-0.1875
206,3,3.3,2.75,23,1.25,3,1.1875,0.018421053,-0.208032581,0.0625
206,4,2.875,2.75,19,1.25,3,1.1875,0.018421053,-0.208032581,0.0625
206,5,1.9,3.5,9,0.5,3,1.1875,0.018421053,-0.208032581,-0.6875
206,6,2,3.5,10,0.5,3,1.1875,0.018421053,-0.208032581,-0.6875
206,7,3.8,3,28,1,3,1.1875,0.018421053,-0.208032581,-0.1875
207,0,3.1,2.75,21,1.25,4,1.75,1.018421053,0.354467419,-0.5
207,1,3.5,2.25,25,1.75,4,1.75,1.018421053,0.354467419,0
207,2,3.6,2.75,26,1.25,4,1.75,1.018421053,0.354467419,-0.5
207,3,2.2,2.5,12,1.5,4,1.75,1.018421053,0.354467419,-0.25
207,4,4.5,1.5,35,2.5,4,1.75,1.018421053,0.354467419,0.75
207,5,3.4,2,24,2,4,1.75,1.018421053,0.354467419,0.25
207,6,3.3,2,23,2,4,1.75,1.018421053,0.354467419,0.25
208,0,1.6,2.75,6,1.25,4,0.4375,1.018421053,-0.958032581,0.8125
208,1,1.3,3.75,3,0.25,4,0.4375,1.018421053,-0.958032581,-0.1875
208,2,2.1,3.25,11,0.75,4,0.4375,1.018421053,-0.958032581,0.3125
208,3,1.5,4,5,0,4,0.4375,1.018421053,-0.958032581,-0.4375
208,4,1.9,3.25,9,0.75,4,0.4375,1.018421053,-0.958032581,0.3125
208,5,1.2,4,2,0,4,0.4375,1.018421053,-0.958032581,-0.4375
208,6,1.2,3.75,2,0.25,4,0.4375,1.018421053,-0.958032581,-0.1875
208,7,1.3,3.75,3,0.25,4,0.4375,1.018421053,-0.958032581,-0.1875
209,0,3.4,2.75,24,1.25,3,1.34375,0.018421053,-0.051782581,-0.09375
209,1,3,2.25,20,1.75,3,1.34375,0.018421053,-0.051782581,0.40625
209,2,3.9,2.5,29,1.5,3,1.34375,0.018421053,-0.051782581,0.15625
209,3,3.4,2.25,24,1.75,3,1.34375,0.018421053,-0.051782581,0.40625
209,4,3,2.5,20,1.5,3,1.34375,0.018421053,-0.051782581,0.15625
209,5,3.3,2.75,23,1.25,3,1.34375,0.018421053,-0.051782581,-0.09375
209,6,2.9,3.25,19,0.75,3,1.34375,0.018421053,-0.051782581,-0.59375
209,7,4.1,3,31,1,3,1.34375,0.018421053,-0.051782581,-0.34375
210,0,1.6,2.5,6,1.5,2.5,0.928571429,-0.481578947,-0.466961153,0.571428571
210,1,2,3,10,1,2.5,0.928571429,-0.481578947,-0.466961153,0.071428571
210,3,1.2,3.5,2,0.5,2.5,0.928571429,-0.481578947,-0.466961153,-0.428571429
210,4,1.4,3.5,4,0.5,2.5,0.928571429,-0.481578947,-0.466961153,-0.428571429
210,5,1.2,3.25,2,0.75,2.5,0.928571429,-0.481578947,-0.466961153,-0.178571429
210,6,1.7,2.75,7,1.25,2.5,0.928571429,-0.481578947,-0.466961153,0.321428571
210,7,1.4,3,4,1,2.5,0.928571429,-0.481578947,-0.466961153,0.071428571
211,0,2.2,2.75,12,1.25,3,1.03125,0.018421053,-0.364282581,0.21875
211,1,1.8,3,8,1,3,1.03125,0.018421053,-0.364282581,-0.03125
211,2,1.6,3,6,1,3,1.03125,0.018421053,-0.364282581,-0.03125
211,3,1.5,3.25,5,0.75,3,1.03125,0.018421053,-0.364282581,-0.28125
211,4,2.1,3,11,1,3,1.03125,0.018421053,-0.364282581,-0.03125
211,5,2,2.75,10,1.25,3,1.03125,0.018421053,-0.364282581,0.21875
211,6,1.6,3,6,1,3,1.03125,0.018421053,-0.364282581,-0.03125
211,7,1.3,3,3,1,3,1.03125,0.018421053,-0.364282581,-0.03125
212,0,1.3,3.25,3,0.75,2,0.4375,-0.981578947,-0.958032581,0.3125
212,1,1.7,3.25,7,0.75,2,0.4375,-0.981578947,-0.958032581,0.3125
212,2,1.2,3.75,2,0.25,2,0.4375,-0.981578947,-0.958032581,-0.1875
212,3,1.2,3.25,2,0.75,2,0.4375,-0.981578947,-0.958032581,0.3125
212,4,1.8,3.25,8,0.75,2,0.4375,-0.981578947,-0.958032581,0.3125
212,5,1.3,3.75,3,0.25,2,0.4375,-0.981578947,-0.958032581,-0.1875
212,6,1.4,4,4,0,2,0.4375,-0.981578947,-0.958032581,-0.4375
212,7,1.3,4,3,0,2,0.4375,-0.981578947,-0.958032581,-0.4375
213,0,1.9,3.5,9,0.5,1,1.375,-1.981578947,-0.020532581,-0.875
213,1,2.2,2.5,12,1.5,1,1.375,-1.981578947,-0.020532581,0.125
213,2,2.4,2.5,14,1.5,1,1.375,-1.981578947,-0.020532581,0.125
213,3,1.7,3.25,7,0.75,1,1.375,-1.981578947,-0.020532581,-0.625
213,4,2.2,2.5,12,1.5,1,1.375,-1.981578947,-0.020532581,0.125
213,5,3.8,2.5,28,1.5,1,1.375,-1.981578947,-0.020532581,0.125
213,6,3.8,2,28,2,1,1.375,-1.981578947,-0.020532581,0.625
213,7,3.7,2.25,27,1.75,1,1.375,-1.981578947,-0.020532581,0.375
214,0,2.3,3.5,13,0.5,2.5,1.5625,-0.481578947,0.166967419,-1.0625
214,1,2.1,2.75,11,1.25,2.5,1.5625,-0.481578947,0.166967419,-0.3125
214,2,1.7,3.25,7,0.75,2.5,1.5625,-0.481578947,0.166967419,-0.8125
214,3,2.9,2.75,19,1.25,2.5,1.5625,-0.481578947,0.166967419,-0.3125
214,4,4.1,2.75,31,1.25,2.5,1.5625,-0.481578947,0.166967419,-0.3125
214,5,3.3,1.75,23,2.25,2.5,1.5625,-0.481578947,0.166967419,0.6875
214,6,4.2,1,32,3,2.5,1.5625,-0.481578947,0.166967419,1.4375
214,7,4.1,1.75,31,2.25,2.5,1.5625,-0.481578947,0.166967419,0.6875
215,0,1.5,3.25,5,0.75,3,0.5625,0.018421053,-0.833032581,0.1875
215,1,3.4,3.25,24,0.75,3,0.5625,0.018421053,-0.833032581,0.1875
215,2,1.5,3.5,5,0.5,3,0.5625,0.018421053,-0.833032581,-0.0625
215,3,1.7,4,7,0,3,0.5625,0.018421053,-0.833032581,-0.5625
215,4,2,3.5,10,0.5,3,0.5625,0.018421053,-0.833032581,-0.0625
215,5,1.6,3.5,6,0.5,3,0.5625,0.018421053,-0.833032581,-0.0625
215,6,1.7,3.5,7,0.5,3,0.5625,0.018421053,-0.833032581,-0.0625
215,7,2,3,10,1,3,0.5625,0.018421053,-0.833032581,0.4375
218,0,1.1,3.5,1,0.5,1,0.21875,-1.981578947,-1.176782581,0.28125
218,1,1.4,4,4,0,1,0.21875,-1.981578947,-1.176782581,-0.21875
218,2,1,4,0,0,1,0.21875,-1.981578947,-1.176782581,-0.21875
218,3,1,3.75,0,0.25,1,0.21875,-1.981578947,-1.176782581,0.03125
218,4,1.1,3.75,1,0.25,1,0.21875,-1.981578947,-1.176782581,0.03125
218,5,1.1,3.75,1,0.25,1,0.21875,-1.981578947,-1.176782581,0.03125
218,6,1.1,3.75,1,0.25,1,0.21875,-1.981578947,-1.176782581,0.03125
218,7,1.1,3.75,1,0.25,1,0.21875,-1.981578947,-1.176782581,0.03125
219,0,4.1,2,31,2,3,2.125,0.018421053,0.729467419,-0.125
219,1,NA,NA,NA,NA,3,2.125,0.018421053,0.729467419,NA
219,2,NA,NA,NA,NA,3,2.125,0.018421053,0.729467419,NA
219,3,NA,NA,NA,NA,3,2.125,0.018421053,0.729467419,NA
219,4,NA,NA,NA,NA,3,2.125,0.018421053,0.729467419,NA
219,5,NA,NA,NA,NA,3,2.125,0.018421053,0.729467419,NA
219,6,NA,NA,NA,NA,3,2.125,0.018421053,0.729467419,NA
219,7,2.8,1.75,18,2.25,3,2.125,0.018421053,0.729467419,0.125
220,0,1.7,2.5,7,1.5,3.5,1.5,0.518421053,0.104467419,0
220,1,2.8,2.5,18,1.5,3.5,1.5,0.518421053,0.104467419,0
220,2,1.2,2.5,2,1.5,3.5,1.5,0.518421053,0.104467419,0
220,3,2.4,2.25,14,1.75,3.5,1.5,0.518421053,0.104467419,0.25
220,4,1.4,2.25,4,1.75,3.5,1.5,0.518421053,0.104467419,0.25
220,5,1.3,2.25,3,1.75,3.5,1.5,0.518421053,0.104467419,0.25
220,6,1.1,2.75,1,1.25,3.5,1.5,0.518421053,0.104467419,-0.25
220,7,1,3,0,1,3.5,1.5,0.518421053,0.104467419,-0.5
221,0,3,2.25,20,1.75,2.5,1.3125,-0.481578947,-0.083032581,0.4375
221,1,1.6,3,6,1,2.5,1.3125,-0.481578947,-0.083032581,-0.3125
221,2,1.7,3.25,7,0.75,2.5,1.3125,-0.481578947,-0.083032581,-0.5625
221,3,1.7,2.5,7,1.5,2.5,1.3125,-0.481578947,-0.083032581,0.1875
221,4,2.1,3.25,11,0.75,2.5,1.3125,-0.481578947,-0.083032581,-0.5625
221,5,1.5,2.75,5,1.25,2.5,1.3125,-0.481578947,-0.083032581,-0.0625
221,6,1.8,1.75,8,2.25,2.5,1.3125,-0.481578947,-0.083032581,0.9375
221,7,2,2.75,10,1.25,2.5,1.3125,-0.481578947,-0.083032581,-0.0625
222,0,1.8,3.5,8,0.5,1,0.833333333,-1.981578947,-0.562199248,-0.333333333
222,1,1,3.75,0,0.25,1,0.833333333,-1.981578947,-0.562199248,-0.583333333
222,2,NA,NA,NA,NA,1,0.833333333,-1.981578947,-0.562199248,NA
222,3,NA,NA,NA,NA,1,0.833333333,-1.981578947,-0.562199248,NA
222,4,3.4,1.75,24,2.25,1,0.833333333,-1.981578947,-0.562199248,1.416666667
222,5,2.1,3,11,1,1,0.833333333,-1.981578947,-0.562199248,0.166666667
222,6,1.6,3.75,6,0.25,1,0.833333333,-1.981578947,-0.562199248,-0.583333333
222,7,1.3,3.25,3,0.75,1,0.833333333,-1.981578947,-0.562199248,-0.083333333
223,0,3.2,2.5,22,1.5,2.5,2.229166667,-0.481578947,0.833634085,-0.729166667
223,1,4.1,1.666666667,31,2.333333333,2.5,2.229166667,-0.481578947,0.833634085,0.104166666
223,2,3.8,1.5,28,2.5,2.5,2.229166667,-0.481578947,0.833634085,0.270833333
223,3,4.3,1.75,33,2.25,2.5,2.229166667,-0.481578947,0.833634085,0.020833333
223,4,3.525,1.5,25,2.5,2.5,2.229166667,-0.481578947,0.833634085,0.270833333
223,5,4.4,1.75,34,2.25,2.5,2.229166667,-0.481578947,0.833634085,0.020833333
223,6,3.5,1.5,25,2.5,2.5,2.229166667,-0.481578947,0.833634085,0.270833333
223,7,3.4,2,24,2,2.5,2.229166667,-0.481578947,0.833634085,-0.229166667
224,0,2.3,1.75,13,2.25,3.5,1.65625,0.518421053,0.260717419,0.59375
224,1,5,1.5,40,2.5,3.5,1.65625,0.518421053,0.260717419,0.84375
224,2,4,2.5,30,1.5,3.5,1.65625,0.518421053,0.260717419,-0.15625
224,3,1,2.5,0,1.5,3.5,1.65625,0.518421053,0.260717419,-0.15625
224,4,1,3,0,1,3.5,1.65625,0.518421053,0.260717419,-0.65625
224,5,5,2,40,2,3.5,1.65625,0.518421053,0.260717419,0.34375
224,6,4.6,2.75,36,1.25,3.5,1.65625,0.518421053,0.260717419,-0.40625
224,7,1.1,2.75,1,1.25,3.5,1.65625,0.518421053,0.260717419,-0.40625
225,0,3.4,1.75,24,2.25,4,1.46875,1.018421053,0.073217419,0.78125
225,1,3.8,2.75,28,1.25,4,1.46875,1.018421053,0.073217419,-0.21875
225,2,2.2,2.75,12,1.25,4,1.46875,1.018421053,0.073217419,-0.21875
225,3,2.7,2.75,17,1.25,4,1.46875,1.018421053,0.073217419,-0.21875
225,4,2.6,2.5,16,1.5,4,1.46875,1.018421053,0.073217419,0.03125
225,5,2,2.75,10,1.25,4,1.46875,1.018421053,0.073217419,-0.21875
225,6,1.6,2.25,6,1.75,4,1.46875,1.018421053,0.073217419,0.28125
225,7,1.7,2.75,7,1.25,4,1.46875,1.018421053,0.073217419,-0.21875
226,0,5.5,2,45,2,4.5,1.75,1.518421053,0.354467419,0.25
226,1,3.2,2.75,22,1.25,4.5,1.75,1.518421053,0.354467419,-0.5
226,2,4.4,1.75,34,2.25,4.5,1.75,1.518421053,0.354467419,0.5
226,3,5.2,2.25,42,1.75,4.5,1.75,1.518421053,0.354467419,0
226,4,2.9,2.5,19,1.5,4.5,1.75,1.518421053,0.354467419,-0.25
226,5,4.4,2.25,34,1.75,4.5,1.75,1.518421053,0.354467419,0
226,6,3.5,2.25,25,1.75,4.5,1.75,1.518421053,0.354467419,0
226,7,2.4,2.25,14,1.75,4.5,1.75,1.518421053,0.354467419,0
227,0,4.9,1.75,39,2.25,4,2.142857143,1.018421053,0.747324561,0.107142857
227,2,5.1,1,41,3,4,2.142857143,1.018421053,0.747324561,0.857142857
227,3,2.9,1.5,19,2.5,4,2.142857143,1.018421053,0.747324561,0.357142857
227,4,2.3,3,13,1,4,2.142857143,1.018421053,0.747324561,-1.142857143
227,5,3,2,20,2,4,2.142857143,1.018421053,0.747324561,-0.142857143
227,6,2.9,2.5,19,1.5,4,2.142857143,1.018421053,0.747324561,-0.642857143
227,7,3.4,1.25,24,2.75,4,2.142857143,1.018421053,0.747324561,0.607142857
228,0,3.7,2,27,2,4,2.5625,1.018421053,1.166967419,-0.5625
228,1,5.9,0,49,4,4,2.5625,1.018421053,1.166967419,1.4375
228,2,4.6,2.25,36,1.75,4,2.5625,1.018421053,1.166967419,-0.8125
228,3,4.4,2.5,34,1.5,4,2.5625,1.018421053,1.166967419,-1.0625
228,4,5.2,0.25,42,3.75,4,2.5625,1.018421053,1.166967419,1.1875
228,5,2.2,2.25,12,1.75,4,2.5625,1.018421053,1.166967419,-0.8125
228,6,4.5,2,35,2,4,2.5625,1.018421053,1.166967419,-0.5625
228,7,4.9,0.25,39,3.75,4,2.5625,1.018421053,1.166967419,1.1875
229,0,1.5,3.25,5,0.75,3,1.822916667,0.018421053,0.427384085,-1.072916667
229,1,4.2,2.25,32,1.75,3,1.822916667,0.018421053,0.427384085,-0.072916667
229,2,3.3,1.666666667,23,2.333333333,3,1.822916667,0.018421053,0.427384085,0.510416666
229,3,1.6,2,6,2,3,1.822916667,0.018421053,0.427384085,0.177083333
229,4,2.9,2,19,2,3,1.822916667,0.018421053,0.427384085,0.177083333
229,5,3.4,1.5,24,2.5,3,1.822916667,0.018421053,0.427384085,0.677083333
229,6,1.3,1.75,3,2.25,3,1.822916667,0.018421053,0.427384085,0.427083333
229,7,1.65,3,6,1,3,1.822916667,0.018421053,0.427384085,-0.822916667
230,0,1.1,3.5,1,0.5,2,0.5625,-0.981578947,-0.833032581,-0.0625
230,1,1.8,3.25,8,0.75,2,0.5625,-0.981578947,-0.833032581,0.1875
230,2,1,3,0,1,2,0.5625,-0.981578947,-0.833032581,0.4375
230,3,1.1,3.5,1,0.5,2,0.5625,-0.981578947,-0.833032581,-0.0625
230,4,1.2,3.5,2,0.5,2,0.5625,-0.981578947,-0.833032581,-0.0625
230,5,1.1,3.75,1,0.25,2,0.5625,-0.981578947,-0.833032581,-0.3125
230,6,1.5,3.5,5,0.5,2,0.5625,-0.981578947,-0.833032581,-0.0625
230,7,1,3.5,0,0.5,2,0.5625,-0.981578947,-0.833032581,-0.0625
231,0,1.6,3.5,6,0.5,2,0.78125,-0.981578947,-0.614282581,-0.28125
231,1,1.6,2.75,6,1.25,2,0.78125,-0.981578947,-0.614282581,0.46875
231,2,1.3,3.75,3,0.25,2,0.78125,-0.981578947,-0.614282581,-0.53125
231,3,1.7,2.5,7,1.5,2,0.78125,-0.981578947,-0.614282581,0.71875
231,4,1.7,3,7,1,2,0.78125,-0.981578947,-0.614282581,0.21875
231,5,1.4,3.75,4,0.25,2,0.78125,-0.981578947,-0.614282581,-0.53125
231,6,1.6,3.25,6,0.75,2,0.78125,-0.981578947,-0.614282581,-0.03125
231,7,1.5,3.25,5,0.75,2,0.78125,-0.981578947,-0.614282581,-0.03125
233,0,3.3,2.5,23,1.5,1.5,1.285714286,-1.481578947,-0.109818296,0.214285714
233,1,NA,NA,NA,NA,1.5,1.285714286,-1.481578947,-0.109818296,NA
233,2,2.6,2.5,16,1.5,1.5,1.285714286,-1.481578947,-0.109818296,0.214285714
233,3,3,3,20,1,1.5,1.285714286,-1.481578947,-0.109818296,-0.285714286
233,4,3.2,2.75,22,1.25,1.5,1.285714286,-1.481578947,-0.109818296,-0.035714286
233,5,2.9,2.75,19,1.25,1.5,1.285714286,-1.481578947,-0.109818296,-0.035714286
233,6,3.1,2.75,21,1.25,1.5,1.285714286,-1.481578947,-0.109818296,-0.035714286
233,7,2.7,2.75,17,1.25,1.5,1.285714286,-1.481578947,-0.109818296,-0.035714286
234,0,2.5,3,15,1,4,1.4375,1.018421053,0.041967419,-0.4375
234,1,2.4,1.75,14,2.25,4,1.4375,1.018421053,0.041967419,0.8125
234,2,2.5,2.75,15,1.25,4,1.4375,1.018421053,0.041967419,-0.1875
234,3,2.7,2.5,17,1.5,4,1.4375,1.018421053,0.041967419,0.0625
234,4,2.2,3,12,1,4,1.4375,1.018421053,0.041967419,-0.4375
234,5,2.4,2.5,14,1.5,4,1.4375,1.018421053,0.041967419,0.0625
234,6,2,2.25,10,1.75,4,1.4375,1.018421053,0.041967419,0.3125
234,7,2.2,2.75,12,1.25,4,1.4375,1.018421053,0.041967419,-0.1875
237,0,4.2,2.25,32,1.75,2,2,-0.981578947,0.604467419,-0.25
237,1,4.7,2,37,2,2,2,-0.981578947,0.604467419,0
237,2,3.8,2,28,2,2,2,-0.981578947,0.604467419,0
237,3,2.9,1.75,19,2.25,2,2,-0.981578947,0.604467419,0.25
237,4,2.9,2.25,19,1.75,2,2,-0.981578947,0.604467419,-0.25
237,5,3.2,2,22,2,2,2,-0.981578947,0.604467419,0
237,6,3.3,2,23,2,2,2,-0.981578947,0.604467419,0
237,7,3.2,1.75,22,2.25,2,2,-0.981578947,0.604467419,0.25
238,0,2.5,3.25,15,0.75,3.5,1.46875,0.518421053,0.073217419,-0.71875
238,1,2.8,2.5,18,1.5,3.5,1.46875,0.518421053,0.073217419,0.03125
238,2,4.5,2.5,35,1.5,3.5,1.46875,0.518421053,0.073217419,0.03125
238,3,3.5,2.25,25,1.75,3.5,1.46875,0.518421053,0.073217419,0.28125
238,4,2.5,2.75,15,1.25,3.5,1.46875,0.518421053,0.073217419,-0.21875
238,5,2.2,2.5,12,1.5,3.5,1.46875,0.518421053,0.073217419,0.03125
238,6,2.7,2,17,2,3.5,1.46875,0.518421053,0.073217419,0.53125
238,7,2.7,2.5,17,1.5,3.5,1.46875,0.518421053,0.073217419,0.03125
239,0,3.2,3,22,1,4.5,1.75,1.518421053,0.354467419,-0.75
239,1,2.4,3.25,14,0.75,4.5,1.75,1.518421053,0.354467419,-1
239,2,3.9,2.5,29,1.5,4.5,1.75,1.518421053,0.354467419,-0.25
239,3,3,2.5,20,1.5,4.5,1.75,1.518421053,0.354467419,-0.25
239,4,3.5,2,25,2,4.5,1.75,1.518421053,0.354467419,0.25
239,5,3,1.75,20,2.25,4.5,1.75,1.518421053,0.354467419,0.5
239,6,3.2,1.5,22,2.5,4.5,1.75,1.518421053,0.354467419,0.75
239,7,4.3,1.5,33,2.5,4.5,1.75,1.518421053,0.354467419,0.75
240,0,6.4,0.75,54,3.25,3,2.083333333,0.018421053,0.687800752,1.166666667
240,1,5.9,2.75,49,1.25,3,2.083333333,0.018421053,0.687800752,-0.833333333
240,2,1.1,3.25,1,0.75,3,2.083333333,0.018421053,0.687800752,-1.333333333
240,4,1.1,2.75,1,1.25,3,2.083333333,0.018421053,0.687800752,-0.833333333
240,6,6.9,1,59,3,3,2.083333333,0.018421053,0.687800752,0.916666667
240,7,6.9,1,59,3,3,2.083333333,0.018421053,0.687800752,0.916666667
241,0,2.9,2.25,19,1.75,1.5,2.28125,-1.481578947,0.885717419,-0.53125
241,1,6.1,2,51,2,1.5,2.28125,-1.481578947,0.885717419,-0.28125
241,2,2.6,1.5,16,2.5,1.5,2.28125,-1.481578947,0.885717419,0.21875
241,3,2.9,2,19,2,1.5,2.28125,-1.481578947,0.885717419,-0.28125
241,4,4.8,1.25,38,2.75,1.5,2.28125,-1.481578947,0.885717419,0.46875
241,5,1.3,1.5,3,2.5,1.5,2.28125,-1.481578947,0.885717419,0.21875
241,6,4.5,1,35,3,1.5,2.28125,-1.481578947,0.885717419,0.71875
241,7,2.9,2.25,19,1.75,1.5,2.28125,-1.481578947,0.885717419,-0.53125
242,0,4.3,1,33,3,3.5,2.125,0.518421053,0.729467419,0.875
242,1,1.8,2.75,8,1.25,3.5,2.125,0.518421053,0.729467419,-0.875
242,2,4.6,2.25,36,1.75,3.5,2.125,0.518421053,0.729467419,-0.375
242,3,2.2,3.5,12,0.5,3.5,2.125,0.518421053,0.729467419,-1.625
242,4,4.5,1.75,35,2.25,3.5,2.125,0.518421053,0.729467419,0.125
242,5,5.425,1.25,44,2.75,3.5,2.125,0.518421053,0.729467419,0.625
242,6,5,1.5,40,2.5,3.5,2.125,0.518421053,0.729467419,0.375
242,7,5.8,1,48,3,3.5,2.125,0.518421053,0.729467419,0.875
243,0,1.8,2.75,8,1.25,3,1.375,0.018421053,-0.020532581,-0.125
243,1,1.6,2.75,6,1.25,3,1.375,0.018421053,-0.020532581,-0.125
243,2,1.7,2.75,7,1.25,3,1.375,0.018421053,-0.020532581,-0.125
243,3,1.7,2,7,2,3,1.375,0.018421053,-0.020532581,0.625
243,4,2,2.75,10,1.25,3,1.375,0.018421053,-0.020532581,-0.125
243,5,2.1,2.25,11,1.75,3,1.375,0.018421053,-0.020532581,0.375
243,6,1.7,2.5,7,1.5,3,1.375,0.018421053,-0.020532581,0.125
243,7,1.5,3.25,5,0.75,3,1.375,0.018421053,-0.020532581,-0.625
244,0,1.3,3.25,3,0.75,2,1.09375,-0.981578947,-0.301782581,-0.34375
244,1,2.2,2.25,12,1.75,2,1.09375,-0.981578947,-0.301782581,0.65625
244,2,2.55,3,15,1,2,1.09375,-0.981578947,-0.301782581,-0.09375
244,3,1.6,3.5,6,0.5,2,1.09375,-0.981578947,-0.301782581,-0.59375
244,4,1.8,3,8,1,2,1.09375,-0.981578947,-0.301782581,-0.09375
244,5,1.9,3,9,1,2,1.09375,-0.981578947,-0.301782581,-0.09375
244,6,3.2,2.25,22,1.75,2,1.09375,-0.981578947,-0.301782581,0.65625
244,7,1.8,3,8,1,2,1.09375,-0.981578947,-0.301782581,-0.09375
245,0,2.1,3.75,11,0.25,3,1.09375,0.018421053,-0.301782581,-0.84375
245,1,4.1,2.25,31,1.75,3,1.09375,0.018421053,-0.301782581,0.65625
245,2,2.3,2.5,13,1.5,3,1.09375,0.018421053,-0.301782581,0.40625
245,3,5.6,2.5,46,1.5,3,1.09375,0.018421053,-0.301782581,0.40625
245,4,1.8,2.75,8,1.25,3,1.09375,0.018421053,-0.301782581,0.15625
245,5,1.1,3.5,1,0.5,3,1.09375,0.018421053,-0.301782581,-0.59375
245,6,1.4,3.5,4,0.5,3,1.09375,0.018421053,-0.301782581,-0.59375
245,7,2.7,2.5,17,1.5,3,1.09375,0.018421053,-0.301782581,0.40625
246,0,2.3,2,13,2,3.5,1.333333333,0.518421053,-0.062199248,0.666666667
246,1,3.5,3,25,1,3.5,1.333333333,0.518421053,-0.062199248,-0.333333333
246,2,2.4,3,14,1,3.5,1.333333333,0.518421053,-0.062199248,-0.333333333
247,0,3,2.5,20,1.5,4.5,1.65625,1.518421053,0.260717419,-0.15625
247,1,5.2,1.75,42,2.25,4.5,1.65625,1.518421053,0.260717419,0.59375
247,2,3.7,1.75,27,2.25,4.5,1.65625,1.518421053,0.260717419,0.59375
247,3,2.8,2.5,18,1.5,4.5,1.65625,1.518421053,0.260717419,-0.15625
247,4,2.3,2.25,13,1.75,4.5,1.65625,1.518421053,0.260717419,0.09375
247,5,2.2,2,12,2,4.5,1.65625,1.518421053,0.260717419,0.34375
247,6,2,3,10,1,4.5,1.65625,1.518421053,0.260717419,-0.65625
247,7,2.6,3,16,1,4.5,1.65625,1.518421053,0.260717419,-0.65625
248,0,1.7,3,7,1,4,1.25,1.018421053,-0.145532581,-0.25
248,1,3.6,3.25,26,0.75,4,1.25,1.018421053,-0.145532581,-0.5
248,2,2,2,10,2,4,1.25,1.018421053,-0.145532581,0.75
248,3,2.8,2.75,18,1.25,4,1.25,1.018421053,-0.145532581,0
248,4,3,2.75,20,1.25,4,1.25,1.018421053,-0.145532581,0
248,5,1.6,2.75,6,1.25,4,1.25,1.018421053,-0.145532581,0
248,6,2.5,3.25,15,0.75,4,1.25,1.018421053,-0.145532581,-0.5
248,7,3.5,2.25,25,1.75,4,1.25,1.018421053,-0.145532581,0.5
249,0,1.9,3.75,9,0.25,3.5,1.3125,0.518421053,-0.083032581,-1.0625
249,1,2.3,2.5,13,1.5,3.5,1.3125,0.518421053,-0.083032581,0.1875
249,2,2.5,2.5,15,1.5,3.5,1.3125,0.518421053,-0.083032581,0.1875
249,3,2.1,2.75,11,1.25,3.5,1.3125,0.518421053,-0.083032581,-0.0625
249,4,1.9,2.5,9,1.5,3.5,1.3125,0.518421053,-0.083032581,0.1875
249,5,2.2,2,12,2,3.5,1.3125,0.518421053,-0.083032581,0.6875
249,6,1.8,3,8,1,3.5,1.3125,0.518421053,-0.083032581,-0.3125
249,7,3.8,2.5,28,1.5,3.5,1.3125,0.518421053,-0.083032581,0.1875
301,0,2.4,2.25,14,1.75,2.5,1.4375,-0.481578947,0.041967419,0.3125
301,1,2,3,10,1,2.5,1.4375,-0.481578947,0.041967419,-0.4375
301,2,3.9,2.5,29,1.5,2.5,1.4375,-0.481578947,0.041967419,0.0625
301,3,2.2,3,12,1,2.5,1.4375,-0.481578947,0.041967419,-0.4375
301,4,2.3,2.75,13,1.25,2.5,1.4375,-0.481578947,0.041967419,-0.1875
301,5,2.3,2.25,13,1.75,2.5,1.4375,-0.481578947,0.041967419,0.3125
301,6,1.8,2,8,2,2.5,1.4375,-0.481578947,0.041967419,0.5625
301,7,2.8,2.75,18,1.25,2.5,1.4375,-0.481578947,0.041967419,-0.1875
302,0,3.3,2.75,23,1.25,3.5,1.8125,0.518421053,0.416967419,-0.5625
302,1,3.9,2.25,29,1.75,3.5,1.8125,0.518421053,0.416967419,-0.0625
302,2,4,1.75,30,2.25,3.5,1.8125,0.518421053,0.416967419,0.4375
302,3,3.6,2,26,2,3.5,1.8125,0.518421053,0.416967419,0.1875
302,4,2.1,3,11,1,3.5,1.8125,0.518421053,0.416967419,-0.8125
302,5,2.8,2.5,18,1.5,3.5,1.8125,0.518421053,0.416967419,-0.3125
302,6,4.1,1.25,31,2.75,3.5,1.8125,0.518421053,0.416967419,0.9375
302,7,3.2,2,22,2,3.5,1.8125,0.518421053,0.416967419,0.1875
303,0,2,3,10,1,2,0.4375,-0.981578947,-0.958032581,0.5625
303,1,1.7,3.75,7,0.25,2,0.4375,-0.981578947,-0.958032581,-0.1875
303,2,1.4,3.25,4,0.75,2,0.4375,-0.981578947,-0.958032581,0.3125
303,3,2.2,3.75,12,0.25,2,0.4375,-0.981578947,-0.958032581,-0.1875
303,4,1.1,4,1,0,2,0.4375,-0.981578947,-0.958032581,-0.4375
303,5,1,4,0,0,2,0.4375,-0.981578947,-0.958032581,-0.4375
303,6,1.3,3,3,1,2,0.4375,-0.981578947,-0.958032581,0.5625
303,7,1.1,3.75,1,0.25,2,0.4375,-0.981578947,-0.958032581,-0.1875
304,0,1.9,3,9,1,2.5,0.78125,-0.481578947,-0.614282581,0.21875
304,1,2.9,3,19,1,2.5,0.78125,-0.481578947,-0.614282581,0.21875
304,2,1.6,3,6,1,2.5,0.78125,-0.481578947,-0.614282581,0.21875
304,3,1.8,3.25,8,0.75,2.5,0.78125,-0.481578947,-0.614282581,-0.03125
304,4,1.1,4,1,0,2.5,0.78125,-0.481578947,-0.614282581,-0.78125
304,5,1.3,3.5,3,0.5,2.5,0.78125,-0.481578947,-0.614282581,-0.28125
304,6,1.8,3.25,8,0.75,2.5,0.78125,-0.481578947,-0.614282581,-0.03125
304,7,1.3,2.75,3,1.25,2.5,0.78125,-0.481578947,-0.614282581,0.46875
305,0,2.1,2.75,11,1.25,1.5,1.84375,-1.481578947,0.448217419,-0.59375
305,1,1.3,2.75,3,1.25,1.5,1.84375,-1.481578947,0.448217419,-0.59375
305,2,1,1.75,0,2.25,1.5,1.84375,-1.481578947,0.448217419,0.40625
305,3,1.2,1.75,2,2.25,1.5,1.84375,-1.481578947,0.448217419,0.40625
305,4,2.4,2.25,14,1.75,1.5,1.84375,-1.481578947,0.448217419,-0.09375
305,5,2,2,10,2,1.5,1.84375,-1.481578947,0.448217419,0.15625
305,6,1.1,1.75,1,2.25,1.5,1.84375,-1.481578947,0.448217419,0.40625
305,7,1.3,2.25,3,1.75,1.5,1.84375,-1.481578947,0.448217419,-0.09375
306,0,1.6,3.5,6,0.5,4,0.6875,1.018421053,-0.708032581,-0.1875
306,1,1.5,2.5,5,1.5,4,0.6875,1.018421053,-0.708032581,0.8125
306,2,3,2,20,2,4,0.6875,1.018421053,-0.708032581,1.3125
306,3,1.9,3.5,9,0.5,4,0.6875,1.018421053,-0.708032581,-0.1875
306,4,1,4,0,0,4,0.6875,1.018421053,-0.708032581,-0.6875
306,5,1.2,4,2,0,4,0.6875,1.018421053,-0.708032581,-0.6875
306,6,1.1,3.75,1,0.25,4,0.6875,1.018421053,-0.708032581,-0.4375
306,7,2.6,3.25,16,0.75,4,0.6875,1.018421053,-0.708032581,0.0625
307,0,NA,2.75,NA,1.25,4,0.84375,1.018421053,-0.551782581,0.40625
307,1,2,3.25,10,0.75,4,0.84375,1.018421053,-0.551782581,-0.09375
307,2,2.2,3.5,12,0.5,4,0.84375,1.018421053,-0.551782581,-0.34375
307,3,1.7,3.5,7,0.5,4,0.84375,1.018421053,-0.551782581,-0.34375
307,4,1.2,3.5,2,0.5,4,0.84375,1.018421053,-0.551782581,-0.34375
307,5,1.2,3.5,2,0.5,4,0.84375,1.018421053,-0.551782581,-0.34375
307,6,2.1,3,11,1,4,0.84375,1.018421053,-0.551782581,0.15625
307,7,1.6,2.25,6,1.75,4,0.84375,1.018421053,-0.551782581,0.90625
308,0,NA,3,NA,1,4,1.15625,1.018421053,-0.239282581,-0.15625
308,1,1.5,3,5,1,4,1.15625,1.018421053,-0.239282581,-0.15625
308,2,1.5,2.75,5,1.25,4,1.15625,1.018421053,-0.239282581,0.09375
308,3,2.1,3.5,11,0.5,4,1.15625,1.018421053,-0.239282581,-0.65625
308,4,2,2.5,10,1.5,4,1.15625,1.018421053,-0.239282581,0.34375
308,5,2.7,2.25,17,1.75,4,1.15625,1.018421053,-0.239282581,0.59375
308,6,2,2.5,10,1.5,4,1.15625,1.018421053,-0.239282581,0.34375
308,7,2.2,3.25,12,0.75,4,1.15625,1.018421053,-0.239282581,-0.40625
309,0,2.5,2.75,15,1.25,4.5,1.0625,1.518421053,-0.333032581,0.1875
309,1,1.375,3.25,4,0.75,4.5,1.0625,1.518421053,-0.333032581,-0.3125
309,2,1,3.25,0,0.75,4.5,1.0625,1.518421053,-0.333032581,-0.3125
309,3,1.2,3,2,1,4.5,1.0625,1.518421053,-0.333032581,-0.0625
309,4,1,3.25,0,0.75,4.5,1.0625,1.518421053,-0.333032581,-0.3125
309,5,1.2,2.75,2,1.25,4.5,1.0625,1.518421053,-0.333032581,0.1875
309,6,2.2,2.5,12,1.5,4.5,1.0625,1.518421053,-0.333032581,0.4375
309,7,2,2.75,10,1.25,4.5,1.0625,1.518421053,-0.333032581,0.1875
310,0,1.5,2.75,5,1.25,2.5,0.9375,-0.481578947,-0.458032581,0.3125
310,1,1.7,3,7,1,2.5,0.9375,-0.481578947,-0.458032581,0.0625
310,2,1.9,2.5,9,1.5,2.5,0.9375,-0.481578947,-0.458032581,0.5625
310,3,2,3.25,10,0.75,2.5,0.9375,-0.481578947,-0.458032581,-0.1875
310,4,1.1,3.5,1,0.5,2.5,0.9375,-0.481578947,-0.458032581,-0.4375
310,5,1.5,3.5,5,0.5,2.5,0.9375,-0.481578947,-0.458032581,-0.4375
310,6,1.4,3.5,4,0.5,2.5,0.9375,-0.481578947,-0.458032581,-0.4375
310,7,1.2,2.5,2,1.5,2.5,0.9375,-0.481578947,-0.458032581,0.5625
311,0,3.3,2,23,2,3.5,1.46875,0.518421053,0.073217419,0.53125
311,1,2.7,2.75,17,1.25,3.5,1.46875,0.518421053,0.073217419,-0.21875
311,2,2.5,2.25,15,1.75,3.5,1.46875,0.518421053,0.073217419,0.28125
311,3,2.1,3,11,1,3.5,1.46875,0.518421053,0.073217419,-0.46875
311,4,1.8,2.25,8,1.75,3.5,1.46875,0.518421053,0.073217419,0.28125
311,5,2,3.5,10,0.5,3.5,1.46875,0.518421053,0.073217419,-0.96875
311,6,2.6,2.5,16,1.5,3.5,1.46875,0.518421053,0.073217419,0.03125
311,7,3.2,2,22,2,3.5,1.46875,0.518421053,0.073217419,0.53125
312,0,3.2,2.5,22,1.5,3.5,1.976190476,0.518421053,0.580657895,-0.476190476
312,2,2.6,2.75,16,1.25,3.5,1.976190476,0.518421053,0.580657895,-0.726190476
312,3,2.7,2,17,2,3.5,1.976190476,0.518421053,0.580657895,0.023809524
312,4,3.7,1.666666667,27,2.333333333,3.5,1.976190476,0.518421053,0.580657895,0.357142857
312,5,2.9,2.25,19,1.75,3.5,1.976190476,0.518421053,0.580657895,-0.226190476
312,6,1.8,1.75,8,2.25,3.5,1.976190476,0.518421053,0.580657895,0.273809524
312,7,2.6,1.25,16,2.75,3.5,1.976190476,0.518421053,0.580657895,0.773809524
313,0,2.7,1.5,17,2.5,2.5,1.5,-0.481578947,0.104467419,1
313,1,3.475,2.5,25,1.5,2.5,1.5,-0.481578947,0.104467419,0
313,2,2.8,3.25,18,0.75,2.5,1.5,-0.481578947,0.104467419,-0.75
313,3,3.5,2.25,25,1.75,2.5,1.5,-0.481578947,0.104467419,0.25
313,4,2.6,2.5,16,1.5,2.5,1.5,-0.481578947,0.104467419,0
313,5,1.7,3,7,1,2.5,1.5,-0.481578947,0.104467419,-0.5
313,6,1.4,3,4,1,2.5,1.5,-0.481578947,0.104467419,-0.5
313,7,1.7,2,7,2,2.5,1.5,-0.481578947,0.104467419,0.5
314,0,1.9,2.5,9,1.5,2.5,2.09375,-0.481578947,0.698217419,-0.59375
314,1,3.3,1.5,23,2.5,2.5,2.09375,-0.481578947,0.698217419,0.40625
314,2,4.1,1.75,31,2.25,2.5,2.09375,-0.481578947,0.698217419,0.15625
314,3,3.1,2,21,2,2.5,2.09375,-0.481578947,0.698217419,-0.09375
314,4,2.2,2.5,12,1.5,2.5,2.09375,-0.481578947,0.698217419,-0.59375
314,5,2.625,1.5,16,2.5,2.5,2.09375,-0.481578947,0.698217419,0.40625
314,6,2.6,1.5,16,2.5,2.5,2.09375,-0.481578947,0.698217419,0.40625
314,7,2.7,2,17,2,2.5,2.09375,-0.481578947,0.698217419,-0.09375
315,0,5.1,0.75,41,3.25,3,2.125,0.018421053,0.729467419,1.125
315,1,4.6,1,36,3,3,2.125,0.018421053,0.729467419,0.875
315,2,4.8,2.25,38,1.75,3,2.125,0.018421053,0.729467419,-0.375
315,3,3.1,2,21,2,3,2.125,0.018421053,0.729467419,-0.125
315,4,2.6,1.75,16,2.25,3,2.125,0.018421053,0.729467419,0.125
315,5,3.2,2.75,22,1.25,3,2.125,0.018421053,0.729467419,-0.875
315,6,3.1,2.5,21,1.5,3,2.125,0.018421053,0.729467419,-0.625
315,7,2.6,2,16,2,3,2.125,0.018421053,0.729467419,-0.125
316,0,3.7,2.75,27,1.25,3,1.34375,0.018421053,-0.051782581,-0.09375
316,1,2.7,3,17,1,3,1.34375,0.018421053,-0.051782581,-0.34375
316,2,3.1,2.75,21,1.25,3,1.34375,0.018421053,-0.051782581,-0.09375
316,3,2.1,3,11,1,3,1.34375,0.018421053,-0.051782581,-0.34375
316,4,2.3,3,13,1,3,1.34375,0.018421053,-0.051782581,-0.34375
316,5,1.5,3,5,1,3,1.34375,0.018421053,-0.051782581,-0.34375
316,6,2.6,1.25,16,2.75,3,1.34375,0.018421053,-0.051782581,1.40625
316,7,2.2,2.5,12,1.5,3,1.34375,0.018421053,-0.051782581,0.15625
317,0,1.9,2.5,9,1.5,3.5,0.928571429,0.518421053,-0.466961153,0.571428571
317,1,3,3.5,20,0.5,3.5,0.928571429,0.518421053,-0.466961153,-0.428571429
317,2,1.7,3.25,7,0.75,3.5,0.928571429,0.518421053,-0.466961153,-0.178571429
317,4,1,3.5,0,0.5,3.5,0.928571429,0.518421053,-0.466961153,-0.428571429
317,5,1.2,3,2,1,3.5,0.928571429,0.518421053,-0.466961153,0.071428571
317,6,1.6,3,6,1,3.5,0.928571429,0.518421053,-0.466961153,0.071428571
317,7,2,2.75,10,1.25,3.5,0.928571429,0.518421053,-0.466961153,0.321428571
318,0,2,3.5,10,0.5,4,0.71875,1.018421053,-0.676782581,-0.21875
318,1,2.7,3,17,1,4,0.71875,1.018421053,-0.676782581,0.28125
318,2,1.9,3.25,9,0.75,4,0.71875,1.018421053,-0.676782581,0.03125
318,3,2,2.75,10,1.25,4,0.71875,1.018421053,-0.676782581,0.53125
318,4,1.9,3.25,9,0.75,4,0.71875,1.018421053,-0.676782581,0.03125
318,5,1.7,3.5,7,0.5,4,0.71875,1.018421053,-0.676782581,-0.21875
318,6,2.1,3.5,11,0.5,4,0.71875,1.018421053,-0.676782581,-0.21875
318,7,1.3,3.5,3,0.5,4,0.71875,1.018421053,-0.676782581,-0.21875
319,0,3.2,1.5,22,2.5,3.5,2.5,0.518421053,1.104467419,0
320,0,3.8,1.75,28,2.25,3,1.46875,0.018421053,0.073217419,0.78125
320,1,1.6,3,6,1,3,1.46875,0.018421053,0.073217419,-0.46875
320,2,2.9,1.75,19,2.25,3,1.46875,0.018421053,0.073217419,0.78125
320,3,2.1,2.25,11,1.75,3,1.46875,0.018421053,0.073217419,0.28125
320,4,1.4,3.5,4,0.5,3,1.46875,0.018421053,0.073217419,-0.96875
320,5,2.9,2.75,19,1.25,3,1.46875,0.018421053,0.073217419,-0.21875
320,6,2.7,2.5,17,1.5,3,1.46875,0.018421053,0.073217419,0.03125
320,7,2.1,2.75,11,1.25,3,1.46875,0.018421053,0.073217419,-0.21875
321,0,3.6,1.5,26,2.5,4.5,1.84375,1.518421053,0.448217419,0.65625
321,1,2.8,2.5,18,1.5,4.5,1.84375,1.518421053,0.448217419,-0.34375
321,2,1.5,2.25,5,1.75,4.5,1.84375,1.518421053,0.448217419,-0.09375
321,3,3.3,2.5,23,1.5,4.5,1.84375,1.518421053,0.448217419,-0.34375
321,4,2.6,2,16,2,4.5,1.84375,1.518421053,0.448217419,0.15625
321,5,1.8,2.25,8,1.75,4.5,1.84375,1.518421053,0.448217419,-0.09375
321,6,1.7,2,7,2,4.5,1.84375,1.518421053,0.448217419,0.15625
321,7,1.4,2.25,4,1.75,4.5,1.84375,1.518421053,0.448217419,-0.09375
322,0,4.6,1.25,36,2.75,4,1.678571429,1.018421053,0.283038847,1.071428571
322,1,3.2,2.25,22,1.75,4,1.678571429,1.018421053,0.283038847,0.071428571
322,2,3.9,2.75,29,1.25,4,1.678571429,1.018421053,0.283038847,-0.428571429
322,3,3.4,2.75,24,1.25,4,1.678571429,1.018421053,0.283038847,-0.428571429
322,4,2.3,2.25,13,1.75,4,1.678571429,1.018421053,0.283038847,0.071428571
322,5,2.8,2.5,18,1.5,4,1.678571429,1.018421053,0.283038847,-0.178571429
322,6,2.5,2.5,15,1.5,4,1.678571429,1.018421053,0.283038847,-0.178571429
322,7,NA,NA,NA,NA,4,1.678571429,1.018421053,0.283038847,NA
323,0,2.8,2.5,18,1.5,4.5,2.010416667,1.518421053,0.614884085,-0.510416667
323,1,3.3,2.25,23,1.75,4.5,2.010416667,1.518421053,0.614884085,-0.260416667
323,2,3.9,2.333333333,29,1.666666667,4.5,2.010416667,1.518421053,0.614884085,-0.34375
323,3,2.8,1.75,18,2.25,4.5,2.010416667,1.518421053,0.614884085,0.239583333
323,4,3.2,2.333333333,22,1.666666667,4.5,2.010416667,1.518421053,0.614884085,-0.34375
323,5,3,1.75,20,2.25,4.5,2.010416667,1.518421053,0.614884085,0.239583333
323,6,3.1,1.5,21,2.5,4.5,2.010416667,1.518421053,0.614884085,0.489583333
323,7,3.5,1.5,25,2.5,4.5,2.010416667,1.518421053,0.614884085,0.489583333
324,0,2,2.25,10,1.75,2.5,1.5625,-0.481578947,0.166967419,0.1875
324,1,1.5,2.75,5,1.25,2.5,1.5625,-0.481578947,0.166967419,-0.3125
324,2,3.8,1.75,28,2.25,2.5,1.5625,-0.481578947,0.166967419,0.6875
324,3,1.4,2.5,4,1.5,2.5,1.5625,-0.481578947,0.166967419,-0.0625
324,4,1.7,3,7,1,2.5,1.5625,-0.481578947,0.166967419,-0.5625
324,5,1.3,2.5,3,1.5,2.5,1.5625,-0.481578947,0.166967419,-0.0625
324,6,2.5,3,15,1,2.5,1.5625,-0.481578947,0.166967419,-0.5625
324,7,2.8,1.75,18,2.25,2.5,1.5625,-0.481578947,0.166967419,0.6875
325,0,3.7,3.5,27,0.5,3.5,0.875,0.518421053,-0.520532581,-0.375
325,1,3.2,3,22,1,3.5,0.875,0.518421053,-0.520532581,0.125
325,2,3.3,2.75,23,1.25,3.5,0.875,0.518421053,-0.520532581,0.375
325,3,1.8,3.75,8,0.25,3.5,0.875,0.518421053,-0.520532581,-0.625
325,4,2,2.5,10,1.5,3.5,0.875,0.518421053,-0.520532581,0.625
325,5,1.9,3,9,1,3.5,0.875,0.518421053,-0.520532581,0.125
325,6,2,3.25,10,0.75,3.5,0.875,0.518421053,-0.520532581,-0.125
325,7,3.2,3.25,22,0.75,3.5,0.875,0.518421053,-0.520532581,-0.125
326,0,1.6,2.25,6,1.75,2.5,1.142857143,-0.481578947,-0.252675439,0.607142857
326,1,2,2.75,10,1.25,2.5,1.142857143,-0.481578947,-0.252675439,0.107142857
326,2,1.7,2.75,7,1.25,2.5,1.142857143,-0.481578947,-0.252675439,0.107142857
326,3,1.6,3,6,1,2.5,1.142857143,-0.481578947,-0.252675439,-0.142857143
326,4,1.9,3.25,9,0.75,2.5,1.142857143,-0.481578947,-0.252675439,-0.392857143
326,6,1.7,3,7,1,2.5,1.142857143,-0.481578947,-0.252675439,-0.142857143
326,7,3,3,20,1,2.5,1.142857143,-0.481578947,-0.252675439,-0.142857143
327,0,3.475,2.75,25,1.25,1,1.4375,-1.981578947,0.041967419,-0.1875
327,1,2.2,3.25,12,0.75,1,1.4375,-1.981578947,0.041967419,-0.6875
327,2,1.7,2.25,7,1.75,1,1.4375,-1.981578947,0.041967419,0.3125
327,3,2.1,1.5,11,2.5,1,1.4375,-1.981578947,0.041967419,1.0625
327,4,1.2,3,2,1,1,1.4375,-1.981578947,0.041967419,-0.4375
327,5,1.5,3.25,5,0.75,1,1.4375,-1.981578947,0.041967419,-0.6875
327,6,2.3,2.75,13,1.25,1,1.4375,-1.981578947,0.041967419,-0.1875
327,7,1.1,1.75,1,2.25,1,1.4375,-1.981578947,0.041967419,0.8125
328,0,2.8,2.75,18,1.25,5,1.40625,2.018421053,0.010717419,-0.15625
328,1,4.2,1.75,32,2.25,5,1.40625,2.018421053,0.010717419,0.84375
328,2,5.9,1.5,49,2.5,5,1.40625,2.018421053,0.010717419,1.09375
328,3,3.9,2.5,29,1.5,5,1.40625,2.018421053,0.010717419,0.09375
328,4,1.1,3.25,1,0.75,5,1.40625,2.018421053,0.010717419,-0.65625
328,5,1.1,2.5,1,1.5,5,1.40625,2.018421053,0.010717419,0.09375
328,6,1.9,2.5,9,1.5,5,1.40625,2.018421053,0.010717419,0.09375
328,7,1,4,0,0,5,1.40625,2.018421053,0.010717419,-1.40625
329,0,3.1,3,21,1,3.5,1.46875,0.518421053,0.073217419,-0.46875
329,1,2.9,2.5,19,1.5,3.5,1.46875,0.518421053,0.073217419,0.03125
329,2,2.5,2.75,15,1.25,3.5,1.46875,0.518421053,0.073217419,-0.21875
329,3,2.6,2,16,2,3.5,1.46875,0.518421053,0.073217419,0.53125
329,4,3.7,2,27,2,3.5,1.46875,0.518421053,0.073217419,0.53125
329,5,3.1,2.5,21,1.5,3.5,1.46875,0.518421053,0.073217419,0.03125
329,6,2.9,3,19,1,3.5,1.46875,0.518421053,0.073217419,-0.46875
329,7,2.1,2.5,11,1.5,3.5,1.46875,0.518421053,0.073217419,0.03125
330,0,3.3,3,23,1,4,1.03125,1.018421053,-0.364282581,-0.03125
330,1,1.6,3,6,1,4,1.03125,1.018421053,-0.364282581,-0.03125
330,2,1.4,3,4,1,4,1.03125,1.018421053,-0.364282581,-0.03125
330,3,1.1,3.25,1,0.75,4,1.03125,1.018421053,-0.364282581,-0.28125
330,4,1.6,3,6,1,4,1.03125,1.018421053,-0.364282581,-0.03125
330,5,1.6,3.25,6,0.75,4,1.03125,1.018421053,-0.364282581,-0.28125
330,6,2.5,2.75,15,1.25,4,1.03125,1.018421053,-0.364282581,0.21875
330,7,2.3,2.5,13,1.5,4,1.03125,1.018421053,-0.364282581,0.46875
331,0,5,0.75,40,3.25,4,1.875,1.018421053,0.479467419,1.375
331,1,5.6,2,46,2,4,1.875,1.018421053,0.479467419,0.125
331,2,2.5,2.75,15,1.25,4,1.875,1.018421053,0.479467419,-0.625
331,3,1.9,2.25,9,1.75,4,1.875,1.018421053,0.479467419,-0.125
331,4,3.5,3,25,1,4,1.875,1.018421053,0.479467419,-0.875
331,5,3.7,1.5,27,2.5,4,1.875,1.018421053,0.479467419,0.625
331,6,2,2.25,10,1.75,4,1.875,1.018421053,0.479467419,-0.125
331,7,2.4,2.5,14,1.5,4,1.875,1.018421053,0.479467419,-0.375
332,0,3.7,2.75,27,1.25,4,1.5,1.018421053,0.104467419,-0.25
332,1,3.7,2.5,27,1.5,4,1.5,1.018421053,0.104467419,0
332,2,2,2.25,10,1.75,4,1.5,1.018421053,0.104467419,0.25
332,3,1.6,2.75,6,1.25,4,1.5,1.018421053,0.104467419,-0.25
332,4,1.9,2.75,9,1.25,4,1.5,1.018421053,0.104467419,-0.25
332,5,1.3,2,3,2,4,1.5,1.018421053,0.104467419,0.5
332,6,2.5,2.75,15,1.25,4,1.5,1.018421053,0.104467419,-0.25
332,7,2.6,2.25,16,1.75,4,1.5,1.018421053,0.104467419,0.25
333,0,2.9,2.5,19,1.5,2.5,1.1875,-0.481578947,-0.208032581,0.3125
333,1,1.8,3,8,1,2.5,1.1875,-0.481578947,-0.208032581,-0.1875
333,2,2.2,2,12,2,2.5,1.1875,-0.481578947,-0.208032581,0.8125
333,3,2.1,3,11,1,2.5,1.1875,-0.481578947,-0.208032581,-0.1875
333,4,1.7,3.5,7,0.5,2.5,1.1875,-0.481578947,-0.208032581,-0.6875
333,5,1.4,2.75,4,1.25,2.5,1.1875,-0.481578947,-0.208032581,0.0625
333,6,1.6,2.25,6,1.75,2.5,1.1875,-0.481578947,-0.208032581,0.5625
333,7,1.7,3.5,7,0.5,2.5,1.1875,-0.481578947,-0.208032581,-0.6875
334,0,5.2,2.75,42,1.25,4,0.875,1.018421053,-0.520532581,0.375
334,1,2.7,3.75,17,0.25,4,0.875,1.018421053,-0.520532581,-0.625
334,2,2.4,2.5,14,1.5,4,0.875,1.018421053,-0.520532581,0.625
334,3,1.6,3.25,6,0.75,4,0.875,1.018421053,-0.520532581,-0.125
334,4,2.4,3.5,14,0.5,4,0.875,1.018421053,-0.520532581,-0.375
334,5,2.4,3.5,14,0.5,4,0.875,1.018421053,-0.520532581,-0.375
334,6,2.9,2.5,19,1.5,4,0.875,1.018421053,-0.520532581,0.625
334,7,3,3.25,20,0.75,4,0.875,1.018421053,-0.520532581,-0.125
335,0,2.6,1.5,16,2.5,3.5,1.90625,0.518421053,0.510717419,0.59375
335,1,3.6,1.5,26,2.5,3.5,1.90625,0.518421053,0.510717419,0.59375
335,2,2.5,2.5,15,1.5,3.5,1.90625,0.518421053,0.510717419,-0.40625
335,3,1.7,2.5,7,1.5,3.5,1.90625,0.518421053,0.510717419,-0.40625
335,4,2.7,3,17,1,3.5,1.90625,0.518421053,0.510717419,-0.90625
335,5,2.2,1.5,12,2.5,3.5,1.90625,0.518421053,0.510717419,0.59375
335,6,1.6,1.5,6,2.5,3.5,1.90625,0.518421053,0.510717419,0.59375
335,7,2,2.75,10,1.25,3.5,1.90625,0.518421053,0.510717419,-0.65625
336,0,2.8,1.75,18,2.25,3.5,1.84375,0.518421053,0.448217419,0.40625
336,1,2.2,2.5,12,1.5,3.5,1.84375,0.518421053,0.448217419,-0.34375
336,2,2.1,2.5,11,1.5,3.5,1.84375,0.518421053,0.448217419,-0.34375
336,3,2.7,2,17,2,3.5,1.84375,0.518421053,0.448217419,0.15625
336,4,2.8,1.5,18,2.5,3.5,1.84375,0.518421053,0.448217419,0.65625
336,5,1.45,2.5,4,1.5,3.5,1.84375,0.518421053,0.448217419,-0.34375
336,6,1.5,2.75,5,1.25,3.5,1.84375,0.518421053,0.448217419,-0.59375
336,7,1.65,1.75,6,2.25,3.5,1.84375,0.518421053,0.448217419,0.40625
337,0,3.7,1.25,27,2.75,5,1.75,2.018421053,0.354467419,1
337,1,5.1,1,41,3,5,1.75,2.018421053,0.354467419,1.25
337,2,1.1,2.75,1,1.25,5,1.75,2.018421053,0.354467419,-0.5
337,3,1.1,2.75,1,1.25,5,1.75,2.018421053,0.354467419,-0.5
337,4,4.5,1.5,35,2.5,5,1.75,2.018421053,0.354467419,0.75
337,5,1.4,4,4,0,5,1.75,2.018421053,0.354467419,-1.75
337,6,2.025,2.75,10,1.25,5,1.75,2.018421053,0.354467419,-0.5
337,7,2.5,2,15,2,5,1.75,2.018421053,0.354467419,0.25
338,0,1.3,3.25,3,0.75,1,1.34375,-1.981578947,-0.051782581,-0.59375
338,1,2.6,2.75,16,1.25,1,1.34375,-1.981578947,-0.051782581,-0.09375
338,2,2.9,3,19,1,1,1.34375,-1.981578947,-0.051782581,-0.34375
338,3,2.3,2.25,13,1.75,1,1.34375,-1.981578947,-0.051782581,0.40625
338,4,1.6,2.75,6,1.25,1,1.34375,-1.981578947,-0.051782581,-0.09375
338,5,1.8,2.25,8,1.75,1,1.34375,-1.981578947,-0.051782581,0.40625
338,6,1.6,3,6,1,1,1.34375,-1.981578947,-0.051782581,-0.34375
338,7,1.1,2,1,2,1,1.34375,-1.981578947,-0.051782581,0.65625
339,0,3.2,2.5,22,1.5,2.5,1.34375,-0.481578947,-0.051782581,0.15625
339,1,2.2,2.25,12,1.75,2.5,1.34375,-0.481578947,-0.051782581,0.40625
339,2,1.4,3,4,1,2.5,1.34375,-0.481578947,-0.051782581,-0.34375
339,3,1.4,2.5,4,1.5,2.5,1.34375,-0.481578947,-0.051782581,0.15625
339,4,1.6,2.75,6,1.25,2.5,1.34375,-0.481578947,-0.051782581,-0.09375
339,5,3.1,2.25,21,1.75,2.5,1.34375,-0.481578947,-0.051782581,0.40625
339,6,1.5,3,5,1,2.5,1.34375,-0.481578947,-0.051782581,-0.34375
339,7,1.6,3,6,1,2.5,1.34375,-0.481578947,-0.051782581,-0.34375
340,0,4,2.25,30,1.75,3,1,0.018421053,-0.395532581,0.75
340,1,2.3,2.75,13,1.25,3,1,0.018421053,-0.395532581,0.25
340,2,2.7,3.75,17,0.25,3,1,0.018421053,-0.395532581,-0.75
340,3,2.1,3.25,11,0.75,3,1,0.018421053,-0.395532581,-0.25
340,4,1.1,3.75,1,0.25,3,1,0.018421053,-0.395532581,-0.75
340,5,1.7,3.25,7,0.75,3,1,0.018421053,-0.395532581,-0.25
340,6,3.6,2.25,26,1.75,3,1,0.018421053,-0.395532581,0.75
340,7,2.6,2.75,16,1.25,3,1,0.018421053,-0.395532581,0.25
341,0,2.45,3.25,15,0.75,2.5,1.34375,-0.481578947,-0.051782581,-0.59375
341,1,2.9,3.25,19,0.75,2.5,1.34375,-0.481578947,-0.051782581,-0.59375
341,2,3.4,2,24,2,2.5,1.34375,-0.481578947,-0.051782581,0.65625
341,3,4,2,30,2,2.5,1.34375,-0.481578947,-0.051782581,0.65625
341,4,2,3,10,1,2.5,1.34375,-0.481578947,-0.051782581,-0.34375
341,5,3.3,3,23,1,2.5,1.34375,-0.481578947,-0.051782581,-0.34375
341,6,2.2,2.75,12,1.25,2.5,1.34375,-0.481578947,-0.051782581,-0.09375
341,7,3,2,20,2,2.5,1.34375,-0.481578947,-0.051782581,0.65625
342,0,2.6,3.25,16,0.75,1.5,1.15625,-1.481578947,-0.239282581,-0.40625
342,1,1.9,3,9,1,1.5,1.15625,-1.481578947,-0.239282581,-0.15625
342,2,2.4,2.75,14,1.25,1.5,1.15625,-1.481578947,-0.239282581,0.09375
342,3,3.1,2.75,21,1.25,1.5,1.15625,-1.481578947,-0.239282581,0.09375
342,4,2.1,2.75,11,1.25,1.5,1.15625,-1.481578947,-0.239282581,0.09375
342,5,5.5,2.5,45,1.5,1.5,1.15625,-1.481578947,-0.239282581,0.34375
342,6,3,2.75,20,1.25,1.5,1.15625,-1.481578947,-0.239282581,0.09375
342,7,2.9,3,19,1,1.5,1.15625,-1.481578947,-0.239282581,-0.15625
343,0,3.5,2.5,25,1.5,4,1.107142857,1.018421053,-0.288389724,0.392857143
343,1,2.9,2.25,19,1.75,4,1.107142857,1.018421053,-0.288389724,0.642857143
343,2,1.6,3.5,6,0.5,4,1.107142857,1.018421053,-0.288389724,-0.607142857
343,3,2,3.75,10,0.25,4,1.107142857,1.018421053,-0.288389724,-0.857142857
343,4,2,3,10,1,4,1.107142857,1.018421053,-0.288389724,-0.107142857
343,6,3.2,2,22,2,4,1.107142857,1.018421053,-0.288389724,0.892857143
343,7,1.3,3.25,3,0.75,4,1.107142857,1.018421053,-0.288389724,-0.357142857
344,0,2.6,3.25,16,0.75,2.5,1.71875,-0.481578947,0.323217419,-0.96875
344,1,3,2.25,20,1.75,2.5,1.71875,-0.481578947,0.323217419,0.03125
344,2,3,2,20,2,2.5,1.71875,-0.481578947,0.323217419,0.28125
344,3,3.2,1.75,22,2.25,2.5,1.71875,-0.481578947,0.323217419,0.53125
344,4,3.6,1.75,26,2.25,2.5,1.71875,-0.481578947,0.323217419,0.53125
344,5,2.9,2.25,19,1.75,2.5,1.71875,-0.481578947,0.323217419,0.03125
344,6,2.7,2.25,17,1.75,2.5,1.71875,-0.481578947,0.323217419,0.03125
344,7,2,2.75,10,1.25,2.5,1.71875,-0.481578947,0.323217419,-0.46875
345,0,2.7,2.75,17,1.25,4,0.78125,1.018421053,-0.614282581,0.46875
345,1,2.1,3.5,11,0.5,4,0.78125,1.018421053,-0.614282581,-0.28125
345,2,1.8,2.75,8,1.25,4,0.78125,1.018421053,-0.614282581,0.46875
345,3,2.7,3.5,17,0.5,4,0.78125,1.018421053,-0.614282581,-0.28125
345,4,2.1,3.25,11,0.75,4,0.78125,1.018421053,-0.614282581,-0.03125
345,5,1.9,3.5,9,0.5,4,0.78125,1.018421053,-0.614282581,-0.28125
345,6,1.2,3.25,2,0.75,4,0.78125,1.018421053,-0.614282581,-0.03125
345,7,1.2,3.25,2,0.75,4,0.78125,1.018421053,-0.614282581,-0.03125
346,0,3,3,20,1,2,1,-0.981578947,-0.395532581,0
401,0,2.7,2.5,17,1.5,4.5,1.46875,1.518421053,0.073217419,0.03125
401,1,2.4,2.25,14,1.75,4.5,1.46875,1.518421053,0.073217419,0.28125
401,2,1.5,2.75,5,1.25,4.5,1.46875,1.518421053,0.073217419,-0.21875
401,3,2.6,2.25,16,1.75,4.5,1.46875,1.518421053,0.073217419,0.28125
401,4,4.3,2,33,2,4.5,1.46875,1.518421053,0.073217419,0.53125
401,5,2.8,2.5,18,1.5,4.5,1.46875,1.518421053,0.073217419,0.03125
401,6,1.3,3,3,1,4.5,1.46875,1.518421053,0.073217419,-0.46875
401,7,1.4,3,4,1,4.5,1.46875,1.518421053,0.073217419,-0.46875
402,0,5.8,1,48,3,5,1.65625,2.018421053,0.260717419,1.34375
402,1,3.1,2.25,21,1.75,5,1.65625,2.018421053,0.260717419,0.09375
402,2,4.3,2,33,2,5,1.65625,2.018421053,0.260717419,0.34375
402,3,2.2,3,12,1,5,1.65625,2.018421053,0.260717419,-0.65625
402,4,2.3,2.25,13,1.75,5,1.65625,2.018421053,0.260717419,0.09375
402,5,2.1,2.5,11,1.5,5,1.65625,2.018421053,0.260717419,-0.15625
402,6,2.2,2.25,12,1.75,5,1.65625,2.018421053,0.260717419,0.09375
402,7,2,3.5,10,0.5,5,1.65625,2.018421053,0.260717419,-1.15625
403,0,2.9,2.75,19,1.25,1.5,1.5625,-1.481578947,0.166967419,-0.3125
403,1,2.4,2.5,14,1.5,1.5,1.5625,-1.481578947,0.166967419,-0.0625
403,2,2.8,2.5,18,1.5,1.5,1.5625,-1.481578947,0.166967419,-0.0625
403,3,2.2,2.25,12,1.75,1.5,1.5625,-1.481578947,0.166967419,0.1875
403,4,2.5,2,15,2,1.5,1.5625,-1.481578947,0.166967419,0.4375
403,5,3.7,1.5,27,2.5,1.5,1.5625,-1.481578947,0.166967419,0.9375
403,6,2.8,3.25,18,0.75,1.5,1.5625,-1.481578947,0.166967419,-0.8125
403,7,2.5,2.75,15,1.25,1.5,1.5625,-1.481578947,0.166967419,-0.3125
404,0,3,2.75,20,1.25,2.5,1.0625,-0.481578947,-0.333032581,0.1875
404,1,1.7,3,7,1,2.5,1.0625,-0.481578947,-0.333032581,-0.0625
404,2,4.3,2.5,33,1.5,2.5,1.0625,-0.481578947,-0.333032581,0.4375
404,3,3.6,3.25,26,0.75,2.5,1.0625,-0.481578947,-0.333032581,-0.3125
404,4,2.5,2.75,15,1.25,2.5,1.0625,-0.481578947,-0.333032581,0.1875
404,5,2,3.25,10,0.75,2.5,1.0625,-0.481578947,-0.333032581,-0.3125
404,6,1.8,2.75,8,1.25,2.5,1.0625,-0.481578947,-0.333032581,0.1875
404,7,1.7,3.25,7,0.75,2.5,1.0625,-0.481578947,-0.333032581,-0.3125
405,0,1.6,3,6,1,2.5,1.125,-0.481578947,-0.270532581,-0.125
405,1,1.6,3.25,6,0.75,2.5,1.125,-0.481578947,-0.270532581,-0.375
405,2,2.1,2,11,2,2.5,1.125,-0.481578947,-0.270532581,0.875
405,3,2.8,2.25,18,1.75,2.5,1.125,-0.481578947,-0.270532581,0.625
405,4,1.6,3,6,1,2.5,1.125,-0.481578947,-0.270532581,-0.125
405,5,1.5,3,5,1,2.5,1.125,-0.481578947,-0.270532581,-0.125
405,6,1.5,3.25,5,0.75,2.5,1.125,-0.481578947,-0.270532581,-0.375
405,7,1.6,3.25,6,0.75,2.5,1.125,-0.481578947,-0.270532581,-0.375
406,0,2.9,2.75,19,1.25,1.5,1.84375,-1.481578947,0.448217419,-0.59375
406,1,3.3,2,23,2,1.5,1.84375,-1.481578947,0.448217419,0.15625
406,2,2.7,2.5,17,1.5,1.5,1.84375,-1.481578947,0.448217419,-0.34375
406,3,2.2,2.75,12,1.25,1.5,1.84375,-1.481578947,0.448217419,-0.59375
406,4,3.7,1.5,27,2.5,1.5,1.84375,-1.481578947,0.448217419,0.65625
406,5,4.7,1.5,37,2.5,1.5,1.84375,-1.481578947,0.448217419,0.65625
406,6,3.7,2.25,27,1.75,1.5,1.84375,-1.481578947,0.448217419,-0.09375
406,7,2.1,2,11,2,1.5,1.84375,-1.481578947,0.448217419,0.15625
407,0,2.8,2.5,18,1.5,2,1.84375,-0.981578947,0.448217419,-0.34375
407,1,2.1,2.5,11,1.5,2,1.84375,-0.981578947,0.448217419,-0.34375
407,2,2.1,2.75,11,1.25,2,1.84375,-0.981578947,0.448217419,-0.59375
407,3,4.6,1.5,36,2.5,2,1.84375,-0.981578947,0.448217419,0.65625
407,4,3.1,2.25,21,1.75,2,1.84375,-0.981578947,0.448217419,-0.09375
407,5,3.8,1.75,28,2.25,2,1.84375,-0.981578947,0.448217419,0.40625
407,6,3,2,20,2,2,1.84375,-0.981578947,0.448217419,0.15625
407,7,3.4,2,24,2,2,1.84375,-0.981578947,0.448217419,0.15625
408,0,1.7,2.5,7,1.5,2.5,0.8125,-0.481578947,-0.583032581,0.6875
408,1,1.1,3.5,1,0.5,2.5,0.8125,-0.481578947,-0.583032581,-0.3125
408,2,1.5,3.25,5,0.75,2.5,0.8125,-0.481578947,-0.583032581,-0.0625
408,3,1.2,3.5,2,0.5,2.5,0.8125,-0.481578947,-0.583032581,-0.3125
408,4,1.3,3.5,3,0.5,2.5,0.8125,-0.481578947,-0.583032581,-0.3125
408,5,1.3,2.5,3,1.5,2.5,0.8125,-0.481578947,-0.583032581,0.6875
408,6,1.2,3,2,1,2.5,0.8125,-0.481578947,-0.583032581,0.1875
408,7,1.2,3.75,2,0.25,2.5,0.8125,-0.481578947,-0.583032581,-0.5625
409,0,2.3,1.25,13,2.75,4,2.5,1.018421053,1.104467419,0.25
409,1,1.5,1.5,5,2.5,4,2.5,1.018421053,1.104467419,0
409,2,1.7,2.5,7,1.5,4,2.5,1.018421053,1.104467419,-1
409,3,3.1,0.75,21,3.25,4,2.5,1.018421053,1.104467419,0.75
409,4,2.9,1,19,3,4,2.5,1.018421053,1.104467419,0.5
409,5,1.6,1.5,6,2.5,4,2.5,1.018421053,1.104467419,0
409,6,1.6,1.75,6,2.25,4,2.5,1.018421053,1.104467419,-0.25
409,7,2,1.75,10,2.25,4,2.5,1.018421053,1.104467419,-0.25
410,0,4.2,1.75,32,2.25,2,1.84375,-0.981578947,0.448217419,0.40625
410,1,NA,3,NA,1,2,1.84375,-0.981578947,0.448217419,-0.84375
410,2,2.9,2,19,2,2,1.84375,-0.981578947,0.448217419,0.15625
410,3,2.7,2.75,17,1.25,2,1.84375,-0.981578947,0.448217419,-0.59375
410,4,3.1,2.5,21,1.5,2,1.84375,-0.981578947,0.448217419,-0.34375
410,5,2.9,1.75,19,2.25,2,1.84375,-0.981578947,0.448217419,0.40625
410,6,2.3,1.5,13,2.5,2,1.84375,-0.981578947,0.448217419,0.65625
410,7,1.2,2,2,2,2,1.84375,-0.981578947,0.448217419,0.15625
411,0,1.9,3.5,9,0.5,2,0.78125,-0.981578947,-0.614282581,-0.28125
411,1,1.7,3.25,7,0.75,2,0.78125,-0.981578947,-0.614282581,-0.03125
411,2,1.4,3.5,4,0.5,2,0.78125,-0.981578947,-0.614282581,-0.28125
411,3,1.3,3,3,1,2,0.78125,-0.981578947,-0.614282581,0.21875
411,4,1.2,2.75,2,1.25,2,0.78125,-0.981578947,-0.614282581,0.46875
411,5,1.8,3.25,8,0.75,2,0.78125,-0.981578947,-0.614282581,-0.03125
411,6,1.7,3.5,7,0.5,2,0.78125,-0.981578947,-0.614282581,-0.28125
411,7,1.4,3,4,1,2,0.78125,-0.981578947,-0.614282581,0.21875
412,0,3.6,1.5,26,2.5,4,2.1875,1.018421053,0.791967419,0.3125
412,1,4.2,2,32,2,4,2.1875,1.018421053,0.791967419,-0.1875
412,2,2.3,2,13,2,4,2.1875,1.018421053,0.791967419,-0.1875
412,3,3.9,1.75,29,2.25,4,2.1875,1.018421053,0.791967419,0.0625
412,4,3.3,2,23,2,4,2.1875,1.018421053,0.791967419,-0.1875
412,5,2.7,1.75,17,2.25,4,2.1875,1.018421053,0.791967419,0.0625
412,6,1.9,1.75,9,2.25,4,2.1875,1.018421053,0.791967419,0.0625
412,7,2.3,1.75,13,2.25,4,2.1875,1.018421053,0.791967419,0.0625
413,0,2.8,2.25,18,1.75,4.5,1.5625,1.518421053,0.166967419,0.1875
413,1,1.5,2.75,5,1.25,4.5,1.5625,1.518421053,0.166967419,-0.3125
413,2,3.1,2.5,21,1.5,4.5,1.5625,1.518421053,0.166967419,-0.0625
413,3,3.1,2.25,21,1.75,4.5,1.5625,1.518421053,0.166967419,0.1875
413,4,2.5,2.5,15,1.5,4.5,1.5625,1.518421053,0.166967419,-0.0625
413,5,2.3,2.75,13,1.25,4.5,1.5625,1.518421053,0.166967419,-0.3125
413,6,1.8,2.25,8,1.75,4.5,1.5625,1.518421053,0.166967419,0.1875
413,7,1.7,2.25,7,1.75,4.5,1.5625,1.518421053,0.166967419,0.1875
414,0,3.4,3.25,24,0.75,4,1.6875,1.018421053,0.291967419,-0.9375
414,1,3.9,2,29,2,4,1.6875,1.018421053,0.291967419,0.3125
414,2,2.8,3,18,1,4,1.6875,1.018421053,0.291967419,-0.6875
414,3,3.1,2.5,21,1.5,4,1.6875,1.018421053,0.291967419,-0.1875
414,4,3.7,2.25,27,1.75,4,1.6875,1.018421053,0.291967419,0.0625
414,5,3.9,1.75,29,2.25,4,1.6875,1.018421053,0.291967419,0.5625
414,6,4.6,1.25,36,2.75,4,1.6875,1.018421053,0.291967419,1.0625
414,7,1.9,2.5,9,1.5,4,1.6875,1.018421053,0.291967419,-0.1875
415,0,4,2.25,30,1.75,2.5,1.53125,-0.481578947,0.135717419,0.21875
415,1,2.1,1.75,11,2.25,2.5,1.53125,-0.481578947,0.135717419,0.71875
415,2,1.9,2.25,9,1.75,2.5,1.53125,-0.481578947,0.135717419,0.21875
415,3,1.5,2.5,5,1.5,2.5,1.53125,-0.481578947,0.135717419,-0.03125
415,4,1.5,2.75,5,1.25,2.5,1.53125,-0.481578947,0.135717419,-0.28125
415,5,2.5,3,15,1,2.5,1.53125,-0.481578947,0.135717419,-0.53125
415,6,1.9,2.75,9,1.25,2.5,1.53125,-0.481578947,0.135717419,-0.28125
415,7,1.9,2.5,9,1.5,2.5,1.53125,-0.481578947,0.135717419,-0.03125
417,0,4.2,2,32,2,3.5,1.90625,0.518421053,0.510717419,0.09375
417,1,4.8,1.75,38,2.25,3.5,1.90625,0.518421053,0.510717419,0.34375
417,2,4.4,1.25,34,2.75,3.5,1.90625,0.518421053,0.510717419,0.84375
417,3,3.2,1.75,22,2.25,3.5,1.90625,0.518421053,0.510717419,0.34375
417,4,2.2,2.5,12,1.5,3.5,1.90625,0.518421053,0.510717419,-0.40625
417,5,2.3,3,13,1,3.5,1.90625,0.518421053,0.510717419,-0.90625
417,6,4.3,1.75,33,2.25,3.5,1.90625,0.518421053,0.510717419,0.34375
417,7,3,2.75,20,1.25,3.5,1.90625,0.518421053,0.510717419,-0.65625
418,0,2.7,2.75,17,1.25,4,1.25,1.018421053,-0.145532581,0
418,1,2,3,10,1,4,1.25,1.018421053,-0.145532581,-0.25
418,2,2.9,2.75,19,1.25,4,1.25,1.018421053,-0.145532581,0
418,3,2.8,2.75,18,1.25,4,1.25,1.018421053,-0.145532581,0
418,4,1.8,3,8,1,4,1.25,1.018421053,-0.145532581,-0.25
418,5,1.6,2.5,6,1.5,4,1.25,1.018421053,-0.145532581,0.25
418,6,2.9,2.5,19,1.5,4,1.25,1.018421053,-0.145532581,0.25
418,7,2.6,2.75,16,1.25,4,1.25,1.018421053,-0.145532581,0
419,0,2.9,3,19,1,3.5,0.71875,0.518421053,-0.676782581,0.28125
419,1,3.1,3.5,21,0.5,3.5,0.71875,0.518421053,-0.676782581,-0.21875
419,2,2.4,3.5,14,0.5,3.5,0.71875,0.518421053,-0.676782581,-0.21875
419,3,2.6,3.75,16,0.25,3.5,0.71875,0.518421053,-0.676782581,-0.46875
419,4,2.1,3.25,11,0.75,3.5,0.71875,0.518421053,-0.676782581,0.03125
419,5,2.3,2.25,13,1.75,3.5,0.71875,0.518421053,-0.676782581,1.03125
419,6,1.9,3.5,9,0.5,3.5,0.71875,0.518421053,-0.676782581,-0.21875
419,7,2,3.5,10,0.5,3.5,0.71875,0.518421053,-0.676782581,-0.21875
420,0,2.8,3,18,1,3,1,0.018421053,-0.395532581,0
420,1,2.4,2.75,14,1.25,3,1,0.018421053,-0.395532581,0.25
420,2,2.6,3.25,16,0.75,3,1,0.018421053,-0.395532581,-0.25
420,3,2.5,3.25,15,0.75,3,1,0.018421053,-0.395532581,-0.25
420,4,2.7,3,17,1,3,1,0.018421053,-0.395532581,0
420,5,3,3,20,1,3,1,0.018421053,-0.395532581,0
420,6,2.8,2.75,18,1.25,3,1,0.018421053,-0.395532581,0.25
420,7,1.9,3,9,1,3,1,0.018421053,-0.395532581,0
421,0,2.1,2.75,11,1.25,3.5,1.46875,0.518421053,0.073217419,-0.21875
421,1,2.45,3.25,15,0.75,3.5,1.46875,0.518421053,0.073217419,-0.71875
421,2,2.6,2.5,16,1.5,3.5,1.46875,0.518421053,0.073217419,0.03125
421,3,1.7,3,7,1,3.5,1.46875,0.518421053,0.073217419,-0.46875
421,4,2.5,2.75,15,1.25,3.5,1.46875,0.518421053,0.073217419,-0.21875
421,5,1.8,2.5,8,1.5,3.5,1.46875,0.518421053,0.073217419,0.03125
421,6,2.1,2.25,11,1.75,3.5,1.46875,0.518421053,0.073217419,0.28125
421,7,2.2,1.25,12,2.75,3.5,1.46875,0.518421053,0.073217419,1.28125
422,0,2.9,2.5,19,1.5,3.5,1.3125,0.518421053,-0.083032581,0.1875
422,1,2.3,2.25,13,1.75,3.5,1.3125,0.518421053,-0.083032581,0.4375
422,2,2.3,2.5,13,1.5,3.5,1.3125,0.518421053,-0.083032581,0.1875
422,3,3.9,2.25,29,1.75,3.5,1.3125,0.518421053,-0.083032581,0.4375
422,4,1.5,3,5,1,3.5,1.3125,0.518421053,-0.083032581,-0.3125
422,5,1.5,3,5,1,3.5,1.3125,0.518421053,-0.083032581,-0.3125
422,6,1.2,2.75,2,1.25,3.5,1.3125,0.518421053,-0.083032581,-0.0625
422,7,1.6,3.25,6,0.75,3.5,1.3125,0.518421053,-0.083032581,-0.5625
423,0,2.2,3,12,1,2.5,1.46875,-0.481578947,0.073217419,-0.46875
423,1,2,2.75,10,1.25,2.5,1.46875,-0.481578947,0.073217419,-0.21875
423,2,2.4,2.75,14,1.25,2.5,1.46875,-0.481578947,0.073217419,-0.21875
423,3,2.7,2.25,17,1.75,2.5,1.46875,-0.481578947,0.073217419,0.28125
423,4,2.9,1.75,19,2.25,2.5,1.46875,-0.481578947,0.073217419,0.78125
423,5,2.5,2.25,15,1.75,2.5,1.46875,-0.481578947,0.073217419,0.28125
423,6,2.2,2.5,12,1.5,2.5,1.46875,-0.481578947,0.073217419,0.03125
423,7,1.7,3,7,1,2.5,1.46875,-0.481578947,0.073217419,-0.46875
424,0,3.1,3,21,1,3.5,0.84375,0.518421053,-0.551782581,0.15625
424,1,1.5,3.75,5,0.25,3.5,0.84375,0.518421053,-0.551782581,-0.59375
424,2,1.8,2.75,8,1.25,3.5,0.84375,0.518421053,-0.551782581,0.40625
424,3,2.3,3.5,13,0.5,3.5,0.84375,0.518421053,-0.551782581,-0.34375
424,4,1.3,3.25,3,0.75,3.5,0.84375,0.518421053,-0.551782581,-0.09375
424,5,2,2.75,10,1.25,3.5,0.84375,0.518421053,-0.551782581,0.40625
424,6,1.7,3,7,1,3.5,0.84375,0.518421053,-0.551782581,0.15625
424,7,1.4,3.25,4,0.75,3.5,0.84375,0.518421053,-0.551782581,-0.09375
425,0,2.2,2.5,12,1.5,3,1.25,0.018421053,-0.145532581,0.25
425,1,2,3,10,1,3,1.25,0.018421053,-0.145532581,-0.25
425,2,1.6,2.75,6,1.25,3,1.25,0.018421053,-0.145532581,0
425,3,1.4,2.5,4,1.5,3,1.25,0.018421053,-0.145532581,0.25
425,4,1.9,3,9,1,3,1.25,0.018421053,-0.145532581,-0.25
425,5,1.3,2.25,3,1.75,3,1.25,0.018421053,-0.145532581,0.5
425,6,1.3,2.75,3,1.25,3,1.25,0.018421053,-0.145532581,0
425,7,1.6,3.25,6,0.75,3,1.25,0.018421053,-0.145532581,-0.5
426,0,3.4,3,24,1,3.5,1.40625,0.518421053,0.010717419,-0.40625
426,1,2.8,2.5,18,1.5,3.5,1.40625,0.518421053,0.010717419,0.09375
426,2,2.9,2.5,19,1.5,3.5,1.40625,0.518421053,0.010717419,0.09375
426,3,2.2,2.25,12,1.75,3.5,1.40625,0.518421053,0.010717419,0.34375
426,4,2.5,2.25,15,1.75,3.5,1.40625,0.518421053,0.010717419,0.34375
426,5,3,2.25,20,1.75,3.5,1.40625,0.518421053,0.010717419,0.34375
426,6,2.9,3,19,1,3.5,1.40625,0.518421053,0.010717419,-0.40625
426,7,2.6,3,16,1,3.5,1.40625,0.518421053,0.010717419,-0.40625
427,0,2.5,2,15,2,3,1.46875,0.018421053,0.073217419,0.53125
427,1,1.3,3.5,3,0.5,3,1.46875,0.018421053,0.073217419,-0.96875
427,2,2.6,2,16,2,3,1.46875,0.018421053,0.073217419,0.53125
427,3,2.8,2,18,2,3,1.46875,0.018421053,0.073217419,0.53125
427,4,1.6,2.75,6,1.25,3,1.46875,0.018421053,0.073217419,-0.21875
427,5,2.5,2.25,15,1.75,3,1.46875,0.018421053,0.073217419,0.28125
427,6,2,2.5,10,1.5,3,1.46875,0.018421053,0.073217419,0.03125
427,7,2.1,3.25,11,0.75,3,1.46875,0.018421053,0.073217419,-0.71875
428,0,1,3.25,0,0.75,1,0.28125,-1.981578947,-1.114282581,0.46875
428,1,1,3.5,0,0.5,1,0.28125,-1.981578947,-1.114282581,0.21875
428,2,1,4,0,0,1,0.28125,-1.981578947,-1.114282581,-0.28125
428,3,1,4,0,0,1,0.28125,-1.981578947,-1.114282581,-0.28125
428,4,1.3,4,3,0,1,0.28125,-1.981578947,-1.114282581,-0.28125
428,5,1.7,4,7,0,1,0.28125,-1.981578947,-1.114282581,-0.28125
428,6,1.8,3,8,1,1,0.28125,-1.981578947,-1.114282581,0.71875
428,7,1.2,4,2,0,1,0.28125,-1.981578947,-1.114282581,-0.28125
429,0,2.1,3.25,11,0.75,4,1.34375,1.018421053,-0.051782581,-0.59375
429,1,2.9,2.75,19,1.25,4,1.34375,1.018421053,-0.051782581,-0.09375
429,2,3.7,2.75,27,1.25,4,1.34375,1.018421053,-0.051782581,-0.09375
429,3,4.5,2.25,35,1.75,4,1.34375,1.018421053,-0.051782581,0.40625
429,4,4.375,2.75,34,1.25,4,1.34375,1.018421053,-0.051782581,-0.09375
429,5,4.4,1.75,34,2.25,4,1.34375,1.018421053,-0.051782581,0.90625
429,6,4.2,3,32,1,4,1.34375,1.018421053,-0.051782581,-0.34375
429,7,4.475,2.75,35,1.25,4,1.34375,1.018421053,-0.051782581,-0.09375
430,0,1.3,3,3,1,2,1.15625,-0.981578947,-0.239282581,-0.15625
430,1,2.3,2.5,13,1.5,2,1.15625,-0.981578947,-0.239282581,0.34375
430,2,1.5,2.75,5,1.25,2,1.15625,-0.981578947,-0.239282581,0.09375
430,3,1.9,2.5,9,1.5,2,1.15625,-0.981578947,-0.239282581,0.34375
430,4,1.7,2.25,7,1.75,2,1.15625,-0.981578947,-0.239282581,0.59375
430,5,1.7,3.5,7,0.5,2,1.15625,-0.981578947,-0.239282581,-0.65625
430,6,1.5,3,5,1,2,1.15625,-0.981578947,-0.239282581,-0.15625
430,7,1.4,3.25,4,0.75,2,1.15625,-0.981578947,-0.239282581,-0.40625
431,0,1.4,3.25,4,0.75,3,0.46875,0.018421053,-0.926782581,0.28125
431,1,1.3,3.5,3,0.5,3,0.46875,0.018421053,-0.926782581,0.03125
431,2,1,4,0,0,3,0.46875,0.018421053,-0.926782581,-0.46875
431,3,1.1,4,1,0,3,0.46875,0.018421053,-0.926782581,-0.46875
431,4,1.8,2.75,8,1.25,3,0.46875,0.018421053,-0.926782581,0.78125
431,5,2.8,3.25,18,0.75,3,0.46875,0.018421053,-0.926782581,0.28125
431,6,1.6,3.5,6,0.5,3,0.46875,0.018421053,-0.926782581,0.03125
431,7,1.6,4,6,0,3,0.46875,0.018421053,-0.926782581,-0.46875
432,0,1.5,3.75,5,0.25,3,0.3125,0.018421053,-1.083032581,-0.0625
432,1,1,3.75,0,0.25,3,0.3125,0.018421053,-1.083032581,-0.0625
432,2,1,3.75,0,0.25,3,0.3125,0.018421053,-1.083032581,-0.0625
432,3,1.8,3.5,8,0.5,3,0.3125,0.018421053,-1.083032581,0.1875
432,4,1.1,3.25,1,0.75,3,0.3125,0.018421053,-1.083032581,0.4375
432,5,1,4,0,0,3,0.3125,0.018421053,-1.083032581,-0.3125
432,6,1,4,0,0,3,0.3125,0.018421053,-1.083032581,-0.3125
432,7,1,3.5,0,0.5,3,0.3125,0.018421053,-1.083032581,0.1875
433,0,2.3,3,13,1,2.5,1.125,-0.481578947,-0.270532581,-0.125
433,1,1.9,3,9,1,2.5,1.125,-0.481578947,-0.270532581,-0.125
433,2,1.9,2.5,9,1.5,2.5,1.125,-0.481578947,-0.270532581,0.375
433,3,1.4,2.75,4,1.25,2.5,1.125,-0.481578947,-0.270532581,0.125
433,4,1.1,3.25,1,0.75,2.5,1.125,-0.481578947,-0.270532581,-0.375
433,5,1.4,3.5,4,0.5,2.5,1.125,-0.481578947,-0.270532581,-0.625
433,6,2.8,1.5,18,2.5,2.5,1.125,-0.481578947,-0.270532581,1.375
433,7,1.1,3.5,1,0.5,2.5,1.125,-0.481578947,-0.270532581,-0.625
434,0,4.9,1.5,39,2.5,4.5,1.21875,1.518421053,-0.176782581,1.28125
434,1,3.4,3,24,1,4.5,1.21875,1.518421053,-0.176782581,-0.21875
434,2,1.6,3.25,6,0.75,4.5,1.21875,1.518421053,-0.176782581,-0.46875
434,3,1.8,3.5,8,0.5,4.5,1.21875,1.518421053,-0.176782581,-0.71875
434,4,1.6,3.5,6,0.5,4.5,1.21875,1.518421053,-0.176782581,-0.71875
434,5,3.1,2.75,21,1.25,4.5,1.21875,1.518421053,-0.176782581,0.03125
434,6,3.3,2.5,23,1.5,4.5,1.21875,1.518421053,-0.176782581,0.28125
434,7,2.9,2.25,19,1.75,4.5,1.21875,1.518421053,-0.176782581,0.53125
435,0,1.7,3.5,7,0.5,2,1.25,-0.981578947,-0.145532581,-0.75
435,1,1.5,3.75,5,0.25,2,1.25,-0.981578947,-0.145532581,-1
435,2,1.7,3.25,7,0.75,2,1.25,-0.981578947,-0.145532581,-0.5
435,3,4,1.5,30,2.5,2,1.25,-0.981578947,-0.145532581,1.25
435,4,4,2,30,2,2,1.25,-0.981578947,-0.145532581,0.75
435,5,3.2,1.75,22,2.25,2,1.25,-0.981578947,-0.145532581,1
435,6,2.1,2.5,11,1.5,2,1.25,-0.981578947,-0.145532581,0.25
435,7,1.4,3.75,4,0.25,2,1.25,-0.981578947,-0.145532581,-1
436,0,3.6,2.5,26,1.5,4,2.0625,1.018421053,0.666967419,-0.5625
436,1,3.2,1.25,22,2.75,4,2.0625,1.018421053,0.666967419,0.6875
436,2,5.3,2,43,2,4,2.0625,1.018421053,0.666967419,-0.0625
436,3,3.5,2.5,25,1.5,4,2.0625,1.018421053,0.666967419,-0.5625
436,4,2.7,2.5,17,1.5,4,2.0625,1.018421053,0.666967419,-0.5625
436,5,3,1.25,20,2.75,4,2.0625,1.018421053,0.666967419,0.6875
436,6,3.1,1.5,21,2.5,4,2.0625,1.018421053,0.666967419,0.4375
436,7,1,2,0,2,4,2.0625,1.018421053,0.666967419,-0.0625
437,0,2,2.75,10,1.25,2.5,1.375,-0.481578947,-0.020532581,-0.125
437,1,1.9,2.75,9,1.25,2.5,1.375,-0.481578947,-0.020532581,-0.125
437,2,1.2,3.25,2,0.75,2.5,1.375,-0.481578947,-0.020532581,-0.625
437,3,1.7,2.5,7,1.5,2.5,1.375,-0.481578947,-0.020532581,0.125
437,4,1.5,1.75,5,2.25,2.5,1.375,-0.481578947,-0.020532581,0.875
437,5,2.6,3.25,16,0.75,2.5,1.375,-0.481578947,-0.020532581,-0.625
437,6,2.6,2.5,16,1.5,2.5,1.375,-0.481578947,-0.020532581,0.125
437,7,2,2.25,10,1.75,2.5,1.375,-0.481578947,-0.020532581,0.375
438,0,3.9,2.5,29,1.5,2,1.46875,-0.981578947,0.073217419,0.03125
438,1,2.6,2,16,2,2,1.46875,-0.981578947,0.073217419,0.53125
438,2,2.7,2.5,17,1.5,2,1.46875,-0.981578947,0.073217419,0.03125
438,3,3.1,2.75,21,1.25,2,1.46875,-0.981578947,0.073217419,-0.21875
438,4,1.3,2.5,3,1.5,2,1.46875,-0.981578947,0.073217419,0.03125
438,5,1.4,3,4,1,2,1.46875,-0.981578947,0.073217419,-0.46875
438,6,1.1,2.5,1,1.5,2,1.46875,-0.981578947,0.073217419,0.03125
438,7,2.6,2.5,16,1.5,2,1.46875,-0.981578947,0.073217419,0.03125
439,0,4,2.5,30,1.5,3,1.0625,0.018421053,-0.333032581,0.4375
439,1,4,2,30,2,3,1.0625,0.018421053,-0.333032581,0.9375
439,2,2,4,10,0,3,1.0625,0.018421053,-0.333032581,-1.0625
439,3,2,2.75,10,1.25,3,1.0625,0.018421053,-0.333032581,0.1875
439,4,2.2,3,12,1,3,1.0625,0.018421053,-0.333032581,-0.0625
439,5,2.3,3.5,13,0.5,3,1.0625,0.018421053,-0.333032581,-0.5625
439,6,2.3,2.75,13,1.25,3,1.0625,0.018421053,-0.333032581,0.1875
439,7,2.3,3,13,1,3,1.0625,0.018421053,-0.333032581,-0.0625
440,0,NA,2.25,NA,1.75,4.5,1.15625,1.518421053,-0.239282581,0.59375
440,1,1.7,3.5,7,0.5,4.5,1.15625,1.518421053,-0.239282581,-0.65625
440,2,3.4,2.75,24,1.25,4.5,1.15625,1.518421053,-0.239282581,0.09375
440,3,3.4,2.5,24,1.5,4.5,1.15625,1.518421053,-0.239282581,0.34375
440,4,2.1,2.5,11,1.5,4.5,1.15625,1.518421053,-0.239282581,0.34375
440,5,1.6,3.25,6,0.75,4.5,1.15625,1.518421053,-0.239282581,-0.40625
440,6,2.1,3,11,1,4.5,1.15625,1.518421053,-0.239282581,-0.15625
440,7,1.6,3,6,1,4.5,1.15625,1.518421053,-0.239282581,-0.15625
441,0,NA,2.666666667,NA,1.333333333,3.5,1.427083333,0.518421053,0.031550752,-0.09375
441,1,2.5,2.5,15,1.5,3.5,1.427083333,0.518421053,0.031550752,0.072916667
441,2,3.8,1.666666667,28,2.333333333,3.5,1.427083333,0.518421053,0.031550752,0.90625
441,3,4.3,3,33,1,3.5,1.427083333,0.518421053,0.031550752,-0.427083333
441,4,2.8,2.5,18,1.5,3.5,1.427083333,0.518421053,0.031550752,0.072916667
441,5,2.2,2.5,12,1.5,3.5,1.427083333,0.518421053,0.031550752,0.072916667
441,6,2.2,2.25,12,1.75,3.5,1.427083333,0.518421053,0.031550752,0.322916667
441,7,1.5,3.5,5,0.5,3.5,1.427083333,0.518421053,0.031550752,-0.927083333
442,0,2.3,2.5,13,1.5,2,1.4375,-0.981578947,0.041967419,0.0625
442,1,1.4,2.5,4,1.5,2,1.4375,-0.981578947,0.041967419,0.0625
442,2,1.8,2.75,8,1.25,2,1.4375,-0.981578947,0.041967419,-0.1875
442,3,1.3,2.75,3,1.25,2,1.4375,-0.981578947,0.041967419,-0.1875
442,4,2.2,2.75,12,1.25,2,1.4375,-0.981578947,0.041967419,-0.1875
442,5,1.2,3,2,1,2,1.4375,-0.981578947,0.041967419,-0.4375
442,6,1.9,2.5,9,1.5,2,1.4375,-0.981578947,0.041967419,0.0625
442,7,1.6,1.75,6,2.25,2,1.4375,-0.981578947,0.041967419,0.8125
501,0,1.3,3.25,3,0.75,3,1.625,0.018421053,0.229467419,-0.875
501,1,2.3,3.25,13,0.75,3,1.625,0.018421053,0.229467419,-0.875
501,2,3.6,2.25,26,1.75,3,1.625,0.018421053,0.229467419,0.125
501,3,1.5,3.5,5,0.5,3,1.625,0.018421053,0.229467419,-1.125
501,4,1.9,2.75,9,1.25,3,1.625,0.018421053,0.229467419,-0.375
501,5,1.6,3,6,1,3,1.625,0.018421053,0.229467419,-0.625
501,6,4.5,0.75,35,3.25,3,1.625,0.018421053,0.229467419,1.625
501,7,5.2,0.25,42,3.75,3,1.625,0.018421053,0.229467419,2.125
502,0,1.9,3.5,9,0.5,2,1.59375,-0.981578947,0.198217419,-1.09375
502,1,2.2,2.5,12,1.5,2,1.59375,-0.981578947,0.198217419,-0.09375
502,2,3.6,1.75,26,2.25,2,1.59375,-0.981578947,0.198217419,0.65625
502,3,1.4,2.5,4,1.5,2,1.59375,-0.981578947,0.198217419,-0.09375
502,4,1.8,2.5,8,1.5,2,1.59375,-0.981578947,0.198217419,-0.09375
502,5,1.8,2.5,8,1.5,2,1.59375,-0.981578947,0.198217419,-0.09375
502,6,1.9,2,9,2,2,1.59375,-0.981578947,0.198217419,0.40625
502,7,1.1,2,1,2,2,1.59375,-0.981578947,0.198217419,0.40625
503,0,2.7,2.25,17,1.75,2.5,1.46875,-0.481578947,0.073217419,0.28125
503,1,2.9,2.5,19,1.5,2.5,1.46875,-0.481578947,0.073217419,0.03125
503,2,1,2.5,0,1.5,2.5,1.46875,-0.481578947,0.073217419,0.03125
503,3,1.4,2.75,4,1.25,2.5,1.46875,-0.481578947,0.073217419,-0.21875
503,4,3.1,1.75,21,2.25,2.5,1.46875,-0.481578947,0.073217419,0.78125
503,5,1.9,3,9,1,2.5,1.46875,-0.481578947,0.073217419,-0.46875
503,6,1.6,3,6,1,2.5,1.46875,-0.481578947,0.073217419,-0.46875
503,7,2,2.5,10,1.5,2.5,1.46875,-0.481578947,0.073217419,0.03125
504,0,3.8,2,28,2,2,1.625,-0.981578947,0.229467419,0.375
504,1,2.9,2,19,2,2,1.625,-0.981578947,0.229467419,0.375
504,2,2.7,3,17,1,2,1.625,-0.981578947,0.229467419,-0.625
504,3,2.1,1.75,11,2.25,2,1.625,-0.981578947,0.229467419,0.625
504,4,1,4,0,0,2,1.625,-0.981578947,0.229467419,-1.625
504,5,2,3.25,10,0.75,2,1.625,-0.981578947,0.229467419,-0.875
504,6,4.9,1.25,39,2.75,2,1.625,-0.981578947,0.229467419,1.125
504,7,5.1,1.75,41,2.25,2,1.625,-0.981578947,0.229467419,0.625
505,0,1.7,2.5,7,1.5,2.5,1.0625,-0.481578947,-0.333032581,0.4375
505,1,2,3.25,10,0.75,2.5,1.0625,-0.481578947,-0.333032581,-0.3125
505,2,1.5,2.75,5,1.25,2.5,1.0625,-0.481578947,-0.333032581,0.1875
505,3,1.1,3.25,1,0.75,2.5,1.0625,-0.481578947,-0.333032581,-0.3125
505,4,1.7,2.75,7,1.25,2.5,1.0625,-0.481578947,-0.333032581,0.1875
505,5,1.6,3.25,6,0.75,2.5,1.0625,-0.481578947,-0.333032581,-0.3125
505,6,1.7,2.75,7,1.25,2.5,1.0625,-0.481578947,-0.333032581,0.1875
505,7,1.9,3,9,1,2.5,1.0625,-0.481578947,-0.333032581,-0.0625
506,0,3.2,3.25,22,0.75,3.5,0.78125,0.518421053,-0.614282581,-0.03125
506,1,2,3,10,1,3.5,0.78125,0.518421053,-0.614282581,0.21875
506,2,1.2,3.5,2,0.5,3.5,0.78125,0.518421053,-0.614282581,-0.28125
506,3,1.2,3.5,2,0.5,3.5,0.78125,0.518421053,-0.614282581,-0.28125
506,4,2.5,2.5,15,1.5,3.5,0.78125,0.518421053,-0.614282581,0.71875
506,5,1.525,3,5,1,3.5,0.78125,0.518421053,-0.614282581,0.21875
506,6,1.1,3.5,1,0.5,3.5,0.78125,0.518421053,-0.614282581,-0.28125
506,7,1.3,3.5,3,0.5,3.5,0.78125,0.518421053,-0.614282581,-0.28125
507,0,1.5,3,5,1,2.5,1.03125,-0.481578947,-0.364282581,-0.03125
507,1,1.6,3.25,6,0.75,2.5,1.03125,-0.481578947,-0.364282581,-0.28125
507,2,1.5,3.5,5,0.5,2.5,1.03125,-0.481578947,-0.364282581,-0.53125
507,3,1.4,3,4,1,2.5,1.03125,-0.481578947,-0.364282581,-0.03125
507,4,1.7,2.75,7,1.25,2.5,1.03125,-0.481578947,-0.364282581,0.21875
507,5,2,3,10,1,2.5,1.03125,-0.481578947,-0.364282581,-0.03125
507,6,1.8,2.25,8,1.75,2.5,1.03125,-0.481578947,-0.364282581,0.71875
507,7,1.6,3,6,1,2.5,1.03125,-0.481578947,-0.364282581,-0.03125
508,0,2.4,2,14,2,2,1.59375,-0.981578947,0.198217419,0.40625
508,1,2.5,2.5,15,1.5,2,1.59375,-0.981578947,0.198217419,-0.09375
508,2,2.2,1.75,12,2.25,2,1.59375,-0.981578947,0.198217419,0.65625
508,3,2.7,2,17,2,2,1.59375,-0.981578947,0.198217419,0.40625
508,4,2.6,1.75,16,2.25,2,1.59375,-0.981578947,0.198217419,0.65625
508,5,1.8,2.75,8,1.25,2,1.59375,-0.981578947,0.198217419,-0.34375
508,6,1.4,3,4,1,2,1.59375,-0.981578947,0.198217419,-0.59375
508,7,1.3,3.5,3,0.5,2,1.59375,-0.981578947,0.198217419,-1.09375
509,0,2,2.25,10,1.75,1.5,1.625,-1.481578947,0.229467419,0.125
509,3,1.7,2.5,7,1.5,1.5,1.625,-1.481578947,0.229467419,-0.125
509,4,4.2,2.25,32,1.75,1.5,1.625,-1.481578947,0.229467419,0.125
509,5,4.2,1.5,32,2.5,1.5,1.625,-1.481578947,0.229467419,0.875
509,6,2.9,2,19,2,1.5,1.625,-1.481578947,0.229467419,0.375
509,7,3.5,3.75,25,0.25,1.5,1.625,-1.481578947,0.229467419,-1.375
510,0,1.2,3.25,2,0.75,2,1,-0.981578947,-0.395532581,-0.25
510,1,1.3,3.5,3,0.5,2,1,-0.981578947,-0.395532581,-0.5
510,2,1.4,3.5,4,0.5,2,1,-0.981578947,-0.395532581,-0.5
510,3,1.1,3.5,1,0.5,2,1,-0.981578947,-0.395532581,-0.5
510,4,1.8,3.25,8,0.75,2,1,-0.981578947,-0.395532581,-0.25
510,5,2.8,2,18,2,2,1,-0.981578947,-0.395532581,1
510,6,2.3,2.75,13,1.25,2,1,-0.981578947,-0.395532581,0.25
510,7,3.3,2.25,23,1.75,2,1,-0.981578947,-0.395532581,0.75
511,0,3.1,2,21,2,2,1.40625,-0.981578947,0.010717419,0.59375
511,1,2.6,2,16,2,2,1.40625,-0.981578947,0.010717419,0.59375
511,2,3,2.75,20,1.25,2,1.40625,-0.981578947,0.010717419,-0.15625
511,3,1.6,2.75,6,1.25,2,1.40625,-0.981578947,0.010717419,-0.15625
511,4,1.6,3.25,6,0.75,2,1.40625,-0.981578947,0.010717419,-0.65625
511,5,1.8,2.5,8,1.5,2,1.40625,-0.981578947,0.010717419,0.09375
511,6,2,2.5,10,1.5,2,1.40625,-0.981578947,0.010717419,0.09375
511,7,1.9,3,9,1,2,1.40625,-0.981578947,0.010717419,-0.40625
512,0,1.7,3,7,1,3.5,1,0.518421053,-0.395532581,0
512,1,5,2.25,40,1.75,3.5,1,0.518421053,-0.395532581,0.75
512,2,1.8,3.25,8,0.75,3.5,1,0.518421053,-0.395532581,-0.25
512,3,1.7,3.25,7,0.75,3.5,1,0.518421053,-0.395532581,-0.25
512,4,1.9,3.25,9,0.75,3.5,1,0.518421053,-0.395532581,-0.25
512,5,1.8,3.25,8,0.75,3.5,1,0.518421053,-0.395532581,-0.25
512,6,4.8,2.5,38,1.5,3.5,1,0.518421053,-0.395532581,0.5
512,7,3.1,3.25,21,0.75,3.5,1,0.518421053,-0.395532581,-0.25
513,0,1.4,3.25,4,0.75,3,1.53125,0.018421053,0.135717419,-0.78125
513,1,1.6,2.75,6,1.25,3,1.53125,0.018421053,0.135717419,-0.28125
513,2,3.6,3,26,1,3,1.53125,0.018421053,0.135717419,-0.53125
513,3,2.1,3.5,11,0.5,3,1.53125,0.018421053,0.135717419,-1.03125
513,4,3.2,1.75,22,2.25,3,1.53125,0.018421053,0.135717419,0.71875
513,5,3,1.75,20,2.25,3,1.53125,0.018421053,0.135717419,0.71875
513,6,3.3,1.25,23,2.75,3,1.53125,0.018421053,0.135717419,1.21875
513,7,2.3,2.5,13,1.5,3,1.53125,0.018421053,0.135717419,-0.03125
514,0,1,3,0,1,4,1.8125,1.018421053,0.416967419,-0.8125
514,1,5,1.25,40,2.75,4,1.8125,1.018421053,0.416967419,0.9375
514,2,2.9,1.75,19,2.25,4,1.8125,1.018421053,0.416967419,0.4375
514,3,1.8,3,8,1,4,1.8125,1.018421053,0.416967419,-0.8125
514,4,1,3,0,1,4,1.8125,1.018421053,0.416967419,-0.8125
514,5,2.6,2,16,2,4,1.8125,1.018421053,0.416967419,0.1875
514,6,1.3,2.5,3,1.5,4,1.8125,1.018421053,0.416967419,-0.3125
514,7,4.3,1,33,3,4,1.8125,1.018421053,0.416967419,1.1875
515,0,1.8,2.25,8,1.75,3.5,1.6875,0.518421053,0.291967419,0.0625
515,1,2.2,2.25,12,1.75,3.5,1.6875,0.518421053,0.291967419,0.0625
515,2,1.4,2.75,4,1.25,3.5,1.6875,0.518421053,0.291967419,-0.4375
515,3,1.2,2.5,2,1.5,3.5,1.6875,0.518421053,0.291967419,-0.1875
515,4,1.5,2.25,5,1.75,3.5,1.6875,0.518421053,0.291967419,0.0625
515,5,2.9,2,19,2,3.5,1.6875,0.518421053,0.291967419,0.3125
515,6,1.8,2.25,8,1.75,3.5,1.6875,0.518421053,0.291967419,0.0625
515,7,1.3,2.25,3,1.75,3.5,1.6875,0.518421053,0.291967419,0.0625
516,0,2.1,2.75,11,1.25,3,1.8125,0.018421053,0.416967419,-0.5625
516,1,2.9,2,19,2,3,1.8125,0.018421053,0.416967419,0.1875
516,2,4.2,2.5,32,1.5,3,1.8125,0.018421053,0.416967419,-0.3125
516,3,1.9,1.5,9,2.5,3,1.8125,0.018421053,0.416967419,0.6875
516,4,2.5,2.25,15,1.75,3,1.8125,0.018421053,0.416967419,-0.0625
516,5,2.1,2,11,2,3,1.8125,0.018421053,0.416967419,0.1875
516,6,2.1,2.25,11,1.75,3,1.8125,0.018421053,0.416967419,-0.0625
516,7,1.6,2.25,6,1.75,3,1.8125,0.018421053,0.416967419,-0.0625
517,0,2.6,3.25,16,0.75,1.5,1,-1.481578947,-0.395532581,-0.25
517,1,2.3,3.25,13,0.75,1.5,1,-1.481578947,-0.395532581,-0.25
517,2,1.9,3.25,9,0.75,1.5,1,-1.481578947,-0.395532581,-0.25
517,3,2.2,3,12,1,1.5,1,-1.481578947,-0.395532581,0
517,4,2.2,3.25,12,0.75,1.5,1,-1.481578947,-0.395532581,-0.25
517,5,2.7,2.25,17,1.75,1.5,1,-1.481578947,-0.395532581,0.75
517,6,1.4,3,4,1,1.5,1,-1.481578947,-0.395532581,0
517,7,2.3,2.75,13,1.25,1.5,1,-1.481578947,-0.395532581,0.25
518,0,1.6,3.25,6,0.75,1,0.90625,-1.981578947,-0.489282581,-0.15625
518,1,2.2,3,12,1,1,0.90625,-1.981578947,-0.489282581,0.09375
518,2,1.8,3.5,8,0.5,1,0.90625,-1.981578947,-0.489282581,-0.40625
518,3,1.5,3,5,1,1,0.90625,-1.981578947,-0.489282581,0.09375
518,4,1.5,3.5,5,0.5,1,0.90625,-1.981578947,-0.489282581,-0.40625
518,5,3.6,2,26,2,1,0.90625,-1.981578947,-0.489282581,1.09375
518,6,1.4,3,4,1,1,0.90625,-1.981578947,-0.489282581,0.09375
518,7,1.2,3.5,2,0.5,1,0.90625,-1.981578947,-0.489282581,-0.40625
519,0,2,3.5,10,0.5,3.5,0.864583333,0.518421053,-0.530949248,-0.364583333
519,1,1.9,3.25,9,0.75,3.5,0.864583333,0.518421053,-0.530949248,-0.114583333
519,2,2.5,2.75,15,1.25,3.5,0.864583333,0.518421053,-0.530949248,0.385416667
519,3,4.4,2.5,34,1.5,3.5,0.864583333,0.518421053,-0.530949248,0.635416667
519,4,1.7,3.5,7,0.5,3.5,0.864583333,0.518421053,-0.530949248,-0.364583333
519,5,2.1,3.25,11,0.75,3.5,0.864583333,0.518421053,-0.530949248,-0.114583333
519,6,1.4,3.333333333,4,0.666666667,3.5,0.864583333,0.518421053,-0.530949248,-0.197916666
519,7,2.2,3,12,1,3.5,0.864583333,0.518421053,-0.530949248,0.135416667
520,0,2.7,3,17,1,2,0.84375,-0.981578947,-0.551782581,0.15625
520,1,4.9,1.75,39,2.25,2,0.84375,-0.981578947,-0.551782581,1.40625
520,2,1.7,3,7,1,2,0.84375,-0.981578947,-0.551782581,0.15625
520,3,1.7,3.75,7,0.25,2,0.84375,-0.981578947,-0.551782581,-0.59375
520,4,1.3,3.75,3,0.25,2,0.84375,-0.981578947,-0.551782581,-0.59375
520,5,1.4,3.5,4,0.5,2,0.84375,-0.981578947,-0.551782581,-0.34375
520,6,1.3,3.25,3,0.75,2,0.84375,-0.981578947,-0.551782581,-0.09375
520,7,1.7,3.25,7,0.75,2,0.84375,-0.981578947,-0.551782581,-0.09375
521,0,2.5,2.25,15,1.75,2.5,1.9375,-0.481578947,0.541967419,-0.1875
521,1,2.5,2,15,2,2.5,1.9375,-0.481578947,0.541967419,0.0625
521,2,3.2,2,22,2,2.5,1.9375,-0.481578947,0.541967419,0.0625
521,3,1.4,1.5,4,2.5,2.5,1.9375,-0.481578947,0.541967419,0.5625
521,4,2.5,2.5,15,1.5,2.5,1.9375,-0.481578947,0.541967419,-0.4375
521,5,1.7,2.5,7,1.5,2.5,1.9375,-0.481578947,0.541967419,-0.4375
521,6,1.6,2.25,6,1.75,2.5,1.9375,-0.481578947,0.541967419,-0.1875
521,7,1.8,1.5,8,2.5,2.5,1.9375,-0.481578947,0.541967419,0.5625
524,0,3.5,2,25,2,3.5,2.28125,0.518421053,0.885717419,-0.28125
524,1,3.7,1,27,3,3.5,2.28125,0.518421053,0.885717419,0.71875
524,2,3.8,1.25,28,2.75,3.5,2.28125,0.518421053,0.885717419,0.46875
524,3,NA,1,NA,3,3.5,2.28125,0.518421053,0.885717419,0.71875
524,4,1.9,2.5,9,1.5,3.5,2.28125,0.518421053,0.885717419,-0.78125
524,5,2.3,2,13,2,3.5,2.28125,0.518421053,0.885717419,-0.28125
524,6,3,1.25,20,2.75,3.5,2.28125,0.518421053,0.885717419,0.46875
524,7,1.5,2.75,5,1.25,3.5,2.28125,0.518421053,0.885717419,-1.03125
525,0,3.3,2.25,23,1.75,2,1.40625,-0.981578947,0.010717419,0.34375
525,1,3.6,2.5,26,1.5,2,1.40625,-0.981578947,0.010717419,0.09375
525,2,2,3,10,1,2,1.40625,-0.981578947,0.010717419,-0.40625
525,3,1.4,2.75,4,1.25,2,1.40625,-0.981578947,0.010717419,-0.15625
525,4,1.9,2.5,9,1.5,2,1.40625,-0.981578947,0.010717419,0.09375
525,5,1.7,2.75,7,1.25,2,1.40625,-0.981578947,0.010717419,-0.15625
525,6,1.4,2.5,4,1.5,2,1.40625,-0.981578947,0.010717419,0.09375
525,7,1.6,2.5,6,1.5,2,1.40625,-0.981578947,0.010717419,0.09375
526,0,2.5,2,15,2,3.5,1.75,0.518421053,0.354467419,0.25
526,1,2.6,2.25,16,1.75,3.5,1.75,0.518421053,0.354467419,0
526,2,1.8,2.75,8,1.25,3.5,1.75,0.518421053,0.354467419,-0.5
526,3,4.7,1,37,3,3.5,1.75,0.518421053,0.354467419,1.25
526,4,2.7,2.25,17,1.75,3.5,1.75,0.518421053,0.354467419,0
526,5,3.1,2.5,21,1.5,3.5,1.75,0.518421053,0.354467419,-0.25
526,6,2.6,2.5,16,1.5,3.5,1.75,0.518421053,0.354467419,-0.25
526,7,3.2,2.75,22,1.25,3.5,1.75,0.518421053,0.354467419,-0.5
527,0,3.6,2.5,26,1.5,3.5,1.625,0.518421053,0.229467419,-0.125
527,1,2.3,2,13,2,3.5,1.625,0.518421053,0.229467419,0.375
527,2,2.9,2.25,19,1.75,3.5,1.625,0.518421053,0.229467419,0.125
527,3,3.2,2.25,22,1.75,3.5,1.625,0.518421053,0.229467419,0.125
527,4,3.7,2,27,2,3.5,1.625,0.518421053,0.229467419,0.375
527,5,3.8,2.5,28,1.5,3.5,1.625,0.518421053,0.229467419,-0.125
527,6,1.6,2.75,6,1.25,3.5,1.625,0.518421053,0.229467419,-0.375
527,7,2.1,2.75,11,1.25,3.5,1.625,0.518421053,0.229467419,-0.375
528,0,2.5,2.75,15,1.25,3,2.1875,0.018421053,0.791967419,-0.9375
528,1,3.2,3,22,1,3,2.1875,0.018421053,0.791967419,-1.1875
528,2,3.1,2.5,21,1.5,3,2.1875,0.018421053,0.791967419,-0.6875
528,3,3.4,1.5,24,2.5,3,2.1875,0.018421053,0.791967419,0.3125
528,4,4.8,1.25,38,2.75,3,2.1875,0.018421053,0.791967419,0.5625
528,5,5,0.75,40,3.25,3,2.1875,0.018421053,0.791967419,1.0625
528,6,4.9,0.75,39,3.25,3,2.1875,0.018421053,0.791967419,1.0625
528,7,2.9,2,19,2,3,2.1875,0.018421053,0.791967419,-0.1875
530,0,2.5,2.25,15,1.75,2,1.5,-0.981578947,0.104467419,0.25
530,2,1.7,3,7,1,2,1.5,-0.981578947,0.104467419,-0.5
530,3,1.5,3.5,5,0.5,2,1.5,-0.981578947,0.104467419,-1
530,4,2.8,2.5,18,1.5,2,1.5,-0.981578947,0.104467419,0
530,5,2.5,1.5,15,2.5,2,1.5,-0.981578947,0.104467419,1
530,6,2.5,2.5,15,1.5,2,1.5,-0.981578947,0.104467419,0
530,7,3.1,2.25,21,1.75,2,1.5,-0.981578947,0.104467419,0.25
531,0,1.6,2.5,6,1.5,2,2.1875,-0.981578947,0.791967419,-0.6875
531,1,2.9,1.75,19,2.25,2,2.1875,-0.981578947,0.791967419,0.0625
531,2,3.9,1.5,29,2.5,2,2.1875,-0.981578947,0.791967419,0.3125
531,3,2.9,1.75,19,2.25,2,2.1875,-0.981578947,0.791967419,0.0625
531,4,3.6,0.75,26,3.25,2,2.1875,-0.981578947,0.791967419,1.0625
531,5,3.3,1.75,23,2.25,2,2.1875,-0.981578947,0.791967419,0.0625
531,6,1.4,2.25,4,1.75,2,2.1875,-0.981578947,0.791967419,-0.4375
531,7,2,2.25,10,1.75,2,2.1875,-0.981578947,0.791967419,-0.4375
532,0,2.1,2.75,11,1.25,2,1.40625,-0.981578947,0.010717419,-0.15625
532,1,4.1,2.25,31,1.75,2,1.40625,-0.981578947,0.010717419,0.34375
532,2,3.5,3,25,1,2,1.40625,-0.981578947,0.010717419,-0.40625
532,3,3,3.25,20,0.75,2,1.40625,-0.981578947,0.010717419,-0.65625
532,4,4.6,1.5,36,2.5,2,1.40625,-0.981578947,0.010717419,1.09375
532,5,3.7,2.25,27,1.75,2,1.40625,-0.981578947,0.010717419,0.34375
532,6,2.9,2.75,19,1.25,2,1.40625,-0.981578947,0.010717419,-0.15625
532,7,2,3,10,1,2,1.40625,-0.981578947,0.010717419,-0.40625
